,Blood pressure (high),Blood pressure (low),Date,Date/Time,Description,Duration,Group,Id,Intensity,Last Modified,Name,Quantity,Tag,Time,Type,Unit
0,,,03/08/2019 ,03/08/2019 15:37:48, , ,me,m1huugv2, ,2019-08-03T15:37:48-04:00,verapamil-hidrochloride,80,verapamil-hidrochloride-60mees,15:37:48 ,medicine,mg
1,,,03/08/2019 ,03/08/2019 08:55:34, , ,me,j9mt5o7g, ,2019-08-03T08:55:34-04:00,verapamil-hidrochloride,80,verapamil-hidrochloride-60mees,08:55:34 ,medicine,mg
2,,,03/08/2019 ,03/08/2019 08:55:33, , ,me,jarfse1w, ,2019-08-03T08:55:33-04:00,Prednisone,40,prednisone-49mees,08:55:33 ,medicine,mg
3,,,03/08/2019 ,03/08/2019 00:50:12, , ,me,e5htxbvd, ,2019-08-03T01:22:05-04:00,oxygen,25,oxygen-101mees,00:50:12 ,medicine,l/m
4,,,03/08/2019 ,03/08/2019 00:45:08, ,00:20:00,sy,bbzxk2i7,3,2019-08-03T01:21:30-04:00,Cluster headache, ,cluster-headache-14syen,00:45:08 ,symptom, 
5,,,02/08/2019 ,02/08/2019 22:02:10, , ,me,3luz53c7, ,2019-08-02T22:02:10-04:00,verapamil-hidrochloride,80,verapamil-hidrochloride-60mees,22:02:10 ,medicine,mg
6,,,02/08/2019 ,02/08/2019 14:48:01, , ,me,o0tv2fv5, ,2019-08-02T14:48:01-04:00,verapamil-hidrochloride,80,verapamil-hidrochloride-60mees,14:48:01 ,medicine,mg
7,,,02/08/2019 ,02/08/2019 11:42:19, ,00:27:00,sp,sz8gwjdt,4,2019-08-02T15:28:04-04:00,Running, ,running-8spen,11:42:19 ,sport, 
8,,,02/08/2019 ,02/08/2019 08:55:48, , ,me,wdj9zjm4, ,2019-08-02T08:55:48-04:00,verapamil-hidrochloride,80,verapamil-hidrochloride-60mees,08:55:48 ,medicine,mg
9,,,02/08/2019 ,02/08/2019 08:55:46, , ,me,pf53yiv1, ,2019-08-02T08:55:46-04:00,Prednisone,40,prednisone-49mees,08:55:46 ,medicine,mg
10,,,01/08/2019 ,01/08/2019 23:42:19, , ,me,y9v4j825, ,2019-08-01T23:42:19-04:00,verapamil-hidrochloride,80,verapamil-hidrochloride-60mees,23:42:19 ,medicine,mg
11,,,01/08/2019 ,01/08/2019 15:01:00, , ,me,zg8w860j, ,2019-08-01T15:01:00-04:00,verapamil-hidrochloride,80,verapamil-hidrochloride-60mees,15:01:00 ,medicine,mg
12,,,01/08/2019 ,01/08/2019 08:28:21, , ,me,afnyd27y, ,2019-08-01T08:28:21-04:00,verapamil-hidrochloride,80,verapamil-hidrochloride-60mees,08:28:21 ,medicine,mg
13,,,01/08/2019 ,01/08/2019 08:28:18, , ,me,b74kf8y3, ,2019-08-01T08:28:18-04:00,Prednisone,40,prednisone-49mees,08:28:18 ,medicine,mg
14,,,31/07/2019 ,31/07/2019 08:23:19, , ,me,lqjlz29c, ,2019-07-31T08:23:19-04:00,Prednisone,50,prednisone-49mees,08:23:19 ,medicine,mg
15,,,30/07/2019 ,30/07/2019 08:09:50, , ,me,ss0l9vae, ,2019-07-30T08:09:50-04:00,Prednisone,50,prednisone-49mees,08:09:50 ,medicine,mg
16,,,29/07/2019 ,29/07/2019 08:31:48, , ,me,iresl0kk, ,2019-07-29T08:31:48-04:00,Prednisone,50,prednisone-49mees,08:31:48 ,medicine,mg
17,,,28/07/2019 ,28/07/2019 08:00:31, , ,me,exsikmbj, ,2019-07-28T08:00:31-04:00,Prednisone,60,prednisone-49mees,08:00:31 ,medicine,mg
18,,,27/07/2019 ,27/07/2019 13:30:46, , ,me,7ha8bo09, ,2019-07-27T21:27:02-04:00,Prednisone,60,prednisone-49mees,13:30:46 ,medicine,mg
19,,,27/07/2019 ,27/07/2019 09:10:27, ,13:00:00,sy,oiimiimh,1,2019-07-27T21:28:49-04:00,Cluster headache shadows, ,cluster-headache-shadows-75syen,09:10:27 ,symptom, 
20,,,27/07/2019 ,27/07/2019 08:10:20, ,01:00:00,sy,k66f13br,6,2019-07-27T21:26:33-04:00,Cluster headache, ,cluster-headache-14syen,08:10:20 ,symptom, 
21,,,27/07/2019 ,27/07/2019 04:45:04, ,00:30:00,sy,o5y2u7wh,4,2019-07-27T21:32:43-04:00,Cluster headache, ,cluster-headache-14syen,04:45:04 ,symptom, 
22,,,26/07/2019 ,26/07/2019 23:00:46, ,01:00:00,sy,rqmosad7,5,2019-07-27T21:24:12-04:00,Cluster headache, ,cluster-headache-14syen,23:00:46 ,symptom, 
