,Blood pressure (high),Blood pressure (low),Date,Date/Time,Description,Duration,Group,Intensity,Name,Quantity,Tag,Time,Unit
0,,,14/05/2019 ,14/05/2019 19:09:20, , ,me, ,sumatriptan,50,sumatriptan-53meen,19:09:20 ,mg
1,,,14/05/2019 ,14/05/2019 19:00:19, ,21:00,sy,2,Cluster headache, ,cluster-headache-14syen,19:00:19 , 
2,,,14/05/2019 ,14/05/2019 17:46:50, , ,sy,1,Cluster headache shadows, ,cluster-headache-shadows-75syen,17:46:50 , 
3,,,14/05/2019 ,14/05/2019 15:17:25, , ,sy,1,Cluster headache shadows, ,cluster-headache-shadows-75syen,15:17:25 , 
4,,,14/05/2019 ,14/05/2019 10:45:44, , ,sy,1,Cluster headache shadows, ,cluster-headache-shadows-75syen,10:45:44 , 
5,,,13/05/2019 ,13/05/2019 13:52:28, , ,me, ,paracetamol-caffeine,250,paracetamol-caffeine-44meen,13:52:28 ,mg
6,,,13/05/2019 ,13/05/2019 11:13:00, , ,me, ,sumatriptan,50,sumatriptan-53meen,11:13:00 ,mg
7,,,13/05/2019 ,13/05/2019 10:45:53, ,14:37,sy,2,Cluster headache, ,cluster-headache-14syen,10:45:53 , 
8,,,12/05/2019 ,12/05/2019 22:01:37, , ,me, ,sumatriptan,50,sumatriptan-53meen,22:01:37 ,mg
9,,,12/05/2019 ,12/05/2019 22:01:35, ,23:20,sy,2,Cluster headache, ,cluster-headache-14syen,22:01:35 , 
10,,,12/05/2019 ,12/05/2019 12:49:11, , ,me, ,sumatriptan,50,sumatriptan-53meen,12:49:11 ,mg
11,,,12/05/2019 ,12/05/2019 12:35:09, ,13:39,sy,2,Cluster headache, ,cluster-headache-14syen,12:35:09 , 
12,,,11/05/2019 ,11/05/2019 21:11:49, , ,me, ,sumatriptan,50,sumatriptan-53meen,21:11:49 ,mg
13,,,11/05/2019 ,11/05/2019 20:45:16, , ,sy,2,Cluster headache, ,cluster-headache-14syen,20:45:16 , 
14,,,11/05/2019 ,11/05/2019 18:09:46, , ,sy,1,Cluster headache shadows, ,cluster-headache-shadows-75syen,18:09:46 , 
15,,,11/05/2019 ,11/05/2019 13:11:27, , ,me, ,sumatriptan,50,sumatriptan-53meen,13:11:27 ,mg
16,,,11/05/2019 ,11/05/2019 13:06:34, ,14:22,sy,2,Cluster headache, ,cluster-headache-14syen,13:06:34 , 
17,,,10/05/2019 ,10/05/2019 17:46:33, , ,me, ,sumatriptan,50,sumatriptan-53meen,17:46:33 ,mg
18,,,10/05/2019 ,10/05/2019 17:34:31, ,18:21,sy,2,Cluster headache, ,cluster-headache-14syen,17:34:31 , 
19,,,10/05/2019 ,10/05/2019 11:44:44, , ,sy,1,Cluster headache, ,cluster-headache-14syen,11:44:44 , 
20,,,09/05/2019 ,09/05/2019 21:14:36, , ,me, ,sumatriptan,50,sumatriptan-53meen,21:14:36 ,mg
21,,,09/05/2019 ,09/05/2019 21:00:34, ,23:04,sy,2,Cluster headache, ,cluster-headache-14syen,21:00:34 , 
22,,,09/05/2019 ,09/05/2019 11:00:27, , ,sy,1,Cluster headache shadows, ,cluster-headache-shadows-75syen,11:00:27 , 
23,,,08/05/2019 ,08/05/2019 23:00:44, , ,me, ,sumatriptan,50,sumatriptan-53meen,23:00:44 ,mg
24,,,08/05/2019 ,08/05/2019 22:38:06, , ,sy,1,Cluster headache, ,cluster-headache-14syen,22:38:06 , 
25,,,08/05/2019 ,08/05/2019 15:26:30, ,17:03,sy,1,Cluster headache, ,cluster-headache-14syen,15:26:30 , 
26,,,07/05/2019 ,07/05/2019 23:10:46, , ,sy,1,Cluster headache shadows, ,cluster-headache-shadows-75syen,23:10:46 , 
27,,,07/05/2019 ,07/05/2019 18:26:48, , ,sy,1,Cluster headache shadows, ,cluster-headache-shadows-75syen,18:26:48 , 
28,,,07/05/2019 ,07/05/2019 12:57:42, , ,sy,1,Cluster headache shadows, ,cluster-headache-shadows-75syen,12:57:42 , 
29,,,07/05/2019 ,07/05/2019 08:02:45, , ,sy,1,Cluster headache shadows, ,cluster-headache-shadows-75syen,08:02:45 , 
30,,,06/05/2019 ,06/05/2019 22:02:38, , ,me, ,antibiotics,1000,antibiotics-103meen,22:02:38 ,mg
31,,,06/05/2019 ,06/05/2019 14:59:06, , ,me, ,ibuprofeno,600,ibuprofeno-24meen,14:59:06 ,mg
32,,,06/05/2019 ,06/05/2019 14:59:05, , ,me, ,ibuprofeno,600,ibuprofeno-24meen,14:59:05 ,mg
33,,,06/05/2019 ,06/05/2019 12:28:25, , ,sy,1,Cluster headache shadows, ,cluster-headache-shadows-75syen,12:28:25 , 
34,,,06/05/2019 ,06/05/2019 10:29:30, , ,me, ,antibiotics,1000,antibiotics-103meen,10:29:30 ,mg
35,,,05/05/2019 ,05/05/2019 22:04:04, , ,me, ,antibiotics,1000,antibiotics-103meen,22:04:04 ,mg
36,,,05/05/2019 ,05/05/2019 19:14:58, , ,fo, ,beer,500,beer-1foen,19:14:58 ,ml
37,,,04/05/2019 ,04/05/2019 22:11:26, , ,me, ,antibiotics,1000,antibiotics-103meen,22:11:26 ,mg
38,,,04/05/2019 ,04/05/2019 21:02:55, , ,me, ,sumatriptan,50,sumatriptan-53meen,21:02:55 ,mg
39,,,04/05/2019 ,04/05/2019 20:50:05, ,22:11,sy,2,Cluster headache, ,cluster-headache-14syen,20:50:05 , 
40,,,04/05/2019 ,04/05/2019 11:35:15, , ,ma, ,magic-mushrooms,1.5,magic-mushrooms-12maen,11:35:15 ,gr
41,,,04/05/2019 ,04/05/2019 10:55:41, , ,sy,1,Cluster headache shadows, ,cluster-headache-shadows-75syen,10:55:41 , 
42,,,04/05/2019 ,04/05/2019 09:46:56, , ,me, ,ibuprofeno,600,ibuprofeno-24meen,09:46:56 ,mg
43,,,04/05/2019 ,04/05/2019 09:46:55, , ,me, ,antibiotics,1000,antibiotics-103meen,09:46:55 ,mg
44,,,04/05/2019 ,04/05/2019 09:46:55, , ,me, ,ibuprofeno,600,ibuprofeno-24meen,09:46:55 ,mg
45,,,03/05/2019 ,03/05/2019 23:43:19, , ,sy,1,Cluster headache, ,cluster-headache-14syen,23:43:19 , 
46,,,03/05/2019 ,03/05/2019 22:00:48, , ,me, ,antibiotics,1000,antibiotics-103meen,22:00:48 ,mg
47,,,03/05/2019 ,03/05/2019 16:09:14, , ,me, ,ibuprofeno,600,ibuprofeno-24meen,16:09:14 ,mg
48,,,03/05/2019 ,03/05/2019 16:09:13, , ,me, ,ibuprofeno,600,ibuprofeno-24meen,16:09:13 ,mg
49,,,03/05/2019 ,03/05/2019 13:23:38, , ,sy,2,Cluster headache, ,cluster-headache-14syen,13:23:38 , 
50,,,03/05/2019 ,03/05/2019 13:07:07, , ,sy,1,Cluster headache shadows, ,cluster-headache-shadows-75syen,13:07:07 , 
51,,,03/05/2019 ,03/05/2019 09:12:08, , ,me, ,antibiotics,1000,antibiotics-103meen,09:12:08 ,mg
52,,,03/05/2019 ,03/05/2019 08:00:43, , ,sy,1,Cluster headache shadows, ,cluster-headache-shadows-75syen,08:00:43 , 
53,,,02/05/2019 ,02/05/2019 23:14:09, , ,me, ,ibuprofeno,600,ibuprofeno-24meen,23:14:09 ,mg
54,,,02/05/2019 ,02/05/2019 23:14:08, , ,me, ,ibuprofeno,600,ibuprofeno-24meen,23:14:08 ,mg
55,,,02/05/2019 ,02/05/2019 23:04:05, , ,sy,1,Cluster headache shadows, ,cluster-headache-shadows-75syen,23:04:05 , 
56,,,02/05/2019 ,02/05/2019 22:00:16, , ,me, ,antibiotics,1000,antibiotics-103meen,22:00:16 ,mg
57,,,02/05/2019 ,02/05/2019 14:12:12, , ,me, ,ibuprofeno,600,ibuprofeno-24meen,14:12:12 ,mg
58,,,02/05/2019 ,02/05/2019 14:12:11, , ,me, ,ibuprofeno,600,ibuprofeno-24meen,14:12:11 ,mg
59,,,02/05/2019 ,02/05/2019 13:01:33, , ,me, ,sumatriptan,50,sumatriptan-53meen,13:01:33 ,mg
60,,,02/05/2019 ,02/05/2019 12:52:07, ,14:10,sy,3,Cluster headache, ,cluster-headache-14syen,12:52:07 , 
61,,,02/05/2019 ,02/05/2019 11:10:24, , ,sy,1,Cluster headache shadows, ,cluster-headache-shadows-75syen,11:10:24 , 
62,,,02/05/2019 ,02/05/2019 10:00:15, , ,me, ,antibiotics,1000,antibiotics-103meen,10:00:15 ,mg
63,,,02/05/2019 ,02/05/2019 08:47:28, , ,sy,1,Cluster headache shadows, ,cluster-headache-shadows-75syen,08:47:28 , 
64,,,01/05/2019 ,01/05/2019 23:56:29, , ,sy,1,Cluster headache shadows, ,cluster-headache-shadows-75syen,23:56:29 , 
65,,,01/05/2019 ,01/05/2019 22:00:32, , ,me, ,antibiotics,1000,antibiotics-103meen,22:00:32 ,mg
66,,,01/05/2019 ,01/05/2019 21:06:01, , ,sy,1,Cluster headache shadows, ,cluster-headache-shadows-75syen,21:06:01 , 
67,,,01/05/2019 ,01/05/2019 12:10:51, , ,me, ,sumatriptan,50,sumatriptan-53meen,12:10:51 ,mg
68,,,01/05/2019 ,01/05/2019 12:00:48, ,13:00,sy,2,Cluster headache, ,cluster-headache-14syen,12:00:48 , 
69,,,01/05/2019 ,01/05/2019 11:19:08, , ,sy,1,Cluster headache shadows, ,cluster-headache-shadows-75syen,11:19:08 , 
70,,,01/05/2019 ,01/05/2019 10:29:12, , ,sy,1,Cluster headache shadows, ,cluster-headache-shadows-75syen,10:29:12 , 
71,,,01/05/2019 ,01/05/2019 10:00:02, , ,me, ,antibiotics,1000,antibiotics-103meen,10:00:02 ,mg
72,,,30/04/2019 ,30/04/2019 23:32:54, , ,sy,1,Cluster headache shadows, ,cluster-headache-shadows-75syen,23:32:54 , 
73,,,30/04/2019 ,30/04/2019 23:08:06, , ,me, ,antibiotics,1000,antibiotics-103meen,23:08:06 ,mg
74,,,30/04/2019 ,30/04/2019 20:36:14, , ,sy,1,Cluster headache shadows, ,cluster-headache-shadows-75syen,20:36:14 , 
75,,,30/04/2019 ,30/04/2019 17:09:03, , ,me, ,ibuprofeno,600,ibuprofeno-24meen,17:09:03 ,mg
76,,,30/04/2019 ,30/04/2019 17:09:00, , ,me, ,ibuprofeno,600,ibuprofeno-24meen,17:09:00 ,mg
77,,,30/04/2019 ,30/04/2019 16:38:58, , ,sy,1,Cluster headache shadows, ,cluster-headache-shadows-75syen,16:38:58 , 
78,,,30/04/2019 ,30/04/2019 12:46:14, , ,me, ,sumatriptan,50,sumatriptan-53meen,12:46:14 ,mg
79,,,30/04/2019 ,30/04/2019 12:33:39, ,14:31,sy,3,Cluster headache, ,cluster-headache-14syen,12:33:39 , 
80,,,30/04/2019 ,30/04/2019 10:21:23, , ,sy,1,Cluster headache shadows, ,cluster-headache-shadows-75syen,10:21:23 , 
81,,,29/04/2019 ,29/04/2019 23:18:11, , ,sy,1,Cluster headache shadows, ,cluster-headache-shadows-75syen,23:18:11 , 
82,,,29/04/2019 ,29/04/2019 21:38:38, , ,sy,1,Cluster headache shadows, ,cluster-headache-shadows-75syen,21:38:38 , 
83,,,29/04/2019 ,29/04/2019 18:55:47, , ,me, ,sumatriptan,50,sumatriptan-53meen,18:55:47 ,mg
84,,,29/04/2019 ,29/04/2019 18:34:17, ,19:48,sy,1,Cluster headache, ,cluster-headache-14syen,18:34:17 , 
85,,,29/04/2019 ,29/04/2019 17:50:30, , ,sy,1,Cluster headache shadows, ,cluster-headache-shadows-75syen,17:50:30 , 
86,,,29/04/2019 ,29/04/2019 12:30:42, ,13:38,sy,1,Cluster headache, ,cluster-headache-14syen,12:30:42 , 
87,,,29/04/2019 ,29/04/2019 12:25:10, , ,sy,1,Cluster headache shadows, ,cluster-headache-shadows-75syen,12:25:10 , 
88,,,29/04/2019 ,29/04/2019 11:51:57, , ,fo, ,beer,500,beer-1foen,11:51:57 ,ml
89,,,29/04/2019 ,29/04/2019 09:27:07, , ,sy,1,Cluster headache shadows, ,cluster-headache-shadows-75syen,09:27:07 , 
90,,,28/04/2019 ,28/04/2019 22:23:11, , ,sy,1,Cluster headache shadows, ,cluster-headache-shadows-75syen,22:23:11 , 
91,,,28/04/2019 ,28/04/2019 20:07:07, , ,me, ,sumatriptan,50,sumatriptan-53meen,20:07:07 ,mg
92,,,28/04/2019 ,28/04/2019 19:50:45, ,21:09,sy,1,Cluster headache, ,cluster-headache-14syen,19:50:45 , 
93,,,28/04/2019 ,28/04/2019 19:00:29, , ,fo, ,beer,500,beer-1foen,19:00:29 ,ml
94,,,28/04/2019 ,28/04/2019 17:19:29, , ,fo, ,beer,500,beer-1foen,17:19:29 ,ml
95,,,28/04/2019 ,28/04/2019 16:28:10, , ,fo, ,beer,500,beer-1foen,16:28:10 ,ml
96,,,28/04/2019 ,28/04/2019 15:19:31, , ,me, ,sumatriptan,50,sumatriptan-53meen,15:19:31 ,mg
97,,,28/04/2019 ,28/04/2019 15:19:29, ,16:00,sy,2,Cluster headache, ,cluster-headache-14syen,15:19:29 , 
98,,,28/04/2019 ,28/04/2019 13:59:18, , ,sy,2,Cluster headache shadows, ,cluster-headache-shadows-75syen,13:59:18 , 
99,,,28/04/2019 ,28/04/2019 11:10:13, , ,sy,1,Cluster headache shadows, ,cluster-headache-shadows-75syen,11:10:13 , 
100,,,28/04/2019 ,28/04/2019 09:33:16, , ,sy,1,Cluster headache shadows, ,cluster-headache-shadows-75syen,09:33:16 , 
101,,,27/04/2019 ,27/04/2019 23:40:06, , ,me, ,sumatriptan,50,sumatriptan-53meen,23:40:06 ,mg
102,,,27/04/2019 ,27/04/2019 23:18:03, ,00:08,sy,1,Cluster headache, ,cluster-headache-14syen,23:18:03 , 
103,,,27/04/2019 ,27/04/2019 19:26:51, , ,sy,1,Cluster headache shadows, ,cluster-headache-shadows-75syen,19:26:51 , 
104,,,27/04/2019 ,27/04/2019 15:24:53, , ,me, ,sumatriptan,50,sumatriptan-53meen,15:24:53 ,mg
105,,,27/04/2019 ,27/04/2019 15:24:50, ,16:38,sy,2,Cluster headache, ,cluster-headache-14syen,15:24:50 , 
106,,,27/04/2019 ,27/04/2019 14:06:42, , ,sy,1,Cluster headache shadows, ,cluster-headache-shadows-75syen,14:06:42 , 
107,,,27/04/2019 ,27/04/2019 13:43:05, , ,sy,1,Cluster headache shadows, ,cluster-headache-shadows-75syen,13:43:05 , 
108,,,27/04/2019 ,27/04/2019 11:45:06, , ,sy,1,Cluster headache shadows, ,cluster-headache-shadows-75syen,11:45:06 , 
109,,,27/04/2019 ,27/04/2019 10:33:57, , ,sy,2,Cluster headache shadows, ,cluster-headache-shadows-75syen,10:33:57 , 
110,,,27/04/2019 ,27/04/2019 01:55:48, , ,me, ,sumatriptan,50,sumatriptan-53meen,01:55:48 ,mg
111,,,27/04/2019 ,27/04/2019 01:46:24, ,02:34,sy,1,Cluster headache, ,cluster-headache-14syen,01:46:24 , 
112,,,26/04/2019 ,26/04/2019 23:35:25, , ,sy,1,Cluster headache shadows, ,cluster-headache-shadows-75syen,23:35:25 , 
113,,,26/04/2019 ,26/04/2019 22:44:45, , ,sy,1,Cluster headache shadows, ,cluster-headache-shadows-75syen,22:44:45 , 
114,,,26/04/2019 ,26/04/2019 21:54:01, , ,sy,1,Cluster headache shadows, ,cluster-headache-shadows-75syen,21:54:01 , 
115,,,26/04/2019 ,26/04/2019 17:52:51, ,20:06,sy,1,Cluster headache, ,cluster-headache-14syen,17:52:51 , 
116,,,26/04/2019 ,26/04/2019 17:46:02, , ,sy,1,Cluster headache shadows, ,cluster-headache-shadows-75syen,17:46:02 , 
117,,,26/04/2019 ,26/04/2019 15:44:39, , ,sy,1,Cluster headache shadows, ,cluster-headache-shadows-75syen,15:44:39 , 
118,,,26/04/2019 ,26/04/2019 14:38:18, , ,sy,1,Cluster headache shadows, ,cluster-headache-shadows-75syen,14:38:18 , 
119,,,26/04/2019 ,26/04/2019 12:58:37, , ,sy,1,Cluster headache shadows, ,cluster-headache-shadows-75syen,12:58:37 , 
120,,,26/04/2019 ,26/04/2019 12:23:10, , ,sy,1,Cluster headache shadows, ,cluster-headache-shadows-75syen,12:23:10 , 
121,,,26/04/2019 ,26/04/2019 10:30:36, , ,sy,1,Cluster headache shadows, ,cluster-headache-shadows-75syen,10:30:36 , 
122,,,26/04/2019 ,26/04/2019 08:56:36, , ,sy,1,Cluster headache shadows, ,cluster-headache-shadows-75syen,08:56:36 , 
123,,,26/04/2019 ,26/04/2019 00:56:11, , ,me, ,sumatriptan,50,sumatriptan-53meen,00:56:11 ,mg
124,,,26/04/2019 ,26/04/2019 00:42:42, ,01:33,sy,4,Cluster headache, ,cluster-headache-14syen,00:42:42 , 
125,,,25/04/2019 ,25/04/2019 23:57:30, , ,sy,2,Cluster headache shadows, ,cluster-headache-shadows-75syen,23:57:30 , 
126,,,25/04/2019 ,25/04/2019 22:33:02, , ,sy,1,Cluster headache shadows, ,cluster-headache-shadows-75syen,22:33:02 , 
127,,,25/04/2019 ,25/04/2019 21:42:13, , ,sy,1,Cluster headache shadows, ,cluster-headache-shadows-75syen,21:42:13 , 
128,,,25/04/2019 ,25/04/2019 17:12:02, ,20:07,sy,1,Cluster headache, ,cluster-headache-14syen,17:12:02 , 
129,,,25/04/2019 ,25/04/2019 12:33:09, , ,fo, ,beer,500,beer-1foen,12:33:09 ,ml
130,,,25/04/2019 ,25/04/2019 11:02:15, , ,fo, ,beer,500,beer-1foen,11:02:15 ,ml
131,,,25/04/2019 ,25/04/2019 08:45:52, , ,sy,1,Cluster headache shadows, ,cluster-headache-shadows-75syen,08:45:52 , 
132,,,25/04/2019 ,25/04/2019 07:32:21, , ,sy,1,Cluster headache shadows, ,cluster-headache-shadows-75syen,07:32:21 , 
133,,,24/04/2019 ,24/04/2019 20:41:18, , ,me, ,sumatriptan,50,sumatriptan-53meen,20:41:18 ,mg
134,,,24/04/2019 ,24/04/2019 20:29:22, ,21:35,sy,4,Cluster headache, ,cluster-headache-14syen,20:29:22 , 
135,,,24/04/2019 ,24/04/2019 16:47:58, , ,sy,1,Cluster headache shadows, ,cluster-headache-shadows-75syen,16:47:58 , 
136,,,24/04/2019 ,24/04/2019 09:39:02, , ,me, ,sumatriptan,50,sumatriptan-53meen,09:39:02 ,mg
137,,,24/04/2019 ,24/04/2019 08:23:27, ,10:20,sy,3,Cluster headache, ,cluster-headache-14syen,08:23:27 , 
138,,,24/04/2019 ,24/04/2019 07:43:29, , ,sy,1,Cluster headache shadows, ,cluster-headache-shadows-75syen,07:43:29 , 
139,,,23/04/2019 ,23/04/2019 18:49:30, ,20:10,sy,1,Cluster headache, ,cluster-headache-14syen,18:49:30 , 
140,,,23/04/2019 ,23/04/2019 13:10:20, ,15:11,sy,4,Cluster headache, ,cluster-headache-14syen,13:10:20 , 
141,,,23/04/2019 ,23/04/2019 07:36:25, , ,sy,1,Cluster headache shadows, ,cluster-headache-shadows-75syen,07:36:25 , 
142,,,22/04/2019 ,22/04/2019 17:32:05, , ,sy,1,Cluster headache, ,cluster-headache-14syen,17:32:05 , 
143,,,22/04/2019 ,22/04/2019 10:56:24, ,14:00,sy,2,Cluster headache, ,cluster-headache-14syen,10:56:24 , 
144,,,22/04/2019 ,22/04/2019 10:05:59, , ,sy,1,Cluster headache shadows, ,cluster-headache-shadows-75syen,10:05:59 , 
145,,,21/04/2019 ,21/04/2019 22:27:35, , ,sy,1,Cluster headache shadows, ,cluster-headache-shadows-75syen,22:27:35 , 
146,,,21/04/2019 ,21/04/2019 19:33:53, , ,sy,1,Cluster headache shadows, ,cluster-headache-shadows-75syen,19:33:53 , 
147,,,21/04/2019 ,21/04/2019 18:10:46, , ,fo, ,beer,200,beer-1foen,18:10:46 ,ml
148,,,21/04/2019 ,21/04/2019 17:50:31, , ,fo, ,beer,500,beer-1foen,17:50:31 ,ml
149,,,20/04/2019 ,20/04/2019 22:00:51, ,23:50,sy,3,Cluster headache, ,cluster-headache-14syen,22:00:51 , 
150,,,20/04/2019 ,20/04/2019 18:33:32, ,19:52,sy,1,Cluster headache, ,cluster-headache-14syen,18:33:32 , 
151,,,20/04/2019 ,20/04/2019 13:35:18, , ,sy,1,Cluster headache shadows, ,cluster-headache-shadows-75syen,13:35:18 , 
152,,,20/04/2019 ,20/04/2019 10:55:06, , ,sy,1,Cluster headache shadows, ,cluster-headache-shadows-75syen,10:55:06 , 
153,,,19/04/2019 ,19/04/2019 20:08:37, , ,ma, ,magic-mushrooms,1.1,magic-mushrooms-12maen,20:08:37 ,gr
154,,,19/04/2019 ,19/04/2019 19:01:38, ,20:48,sy,3,Cluster headache, ,cluster-headache-14syen,19:01:38 , 
155,,,19/04/2019 ,19/04/2019 18:48:33, , ,sy,1,Cluster headache shadows, ,cluster-headache-shadows-75syen,18:48:33 , 
156,,,19/04/2019 ,19/04/2019 17:55:07, , ,sy,1,Cluster headache shadows, ,cluster-headache-shadows-75syen,17:55:07 , 
157,,,19/04/2019 ,19/04/2019 15:28:50, , ,sy,1,Cluster headache shadows, ,cluster-headache-shadows-75syen,15:28:50 , 
158,,,19/04/2019 ,19/04/2019 08:17:07, , ,sy,1,Cluster headache shadows, ,cluster-headache-shadows-75syen,08:17:07 , 
159,,,19/04/2019 ,19/04/2019 07:58:12, , ,sy,1,Cluster headache shadows, ,cluster-headache-shadows-75syen,07:58:12 , 
160,,,18/04/2019 ,18/04/2019 23:12:24, , ,sy,1,Cluster headache shadows, ,cluster-headache-shadows-75syen,23:12:24 , 
161,,,18/04/2019 ,18/04/2019 21:29:55, , ,sy,1,Cluster headache shadows, ,cluster-headache-shadows-75syen,21:29:55 , 
162,,,18/04/2019 ,18/04/2019 21:20:08, , ,sy,1,Cluster headache shadows, ,cluster-headache-shadows-75syen,21:20:08 , 
163,,,18/04/2019 ,18/04/2019 20:46:26, , ,sy,1,Cluster headache shadows, ,cluster-headache-shadows-75syen,20:46:26 , 
164,,,18/04/2019 ,18/04/2019 19:18:24, , ,sy,1,Cluster headache shadows, ,cluster-headache-shadows-75syen,19:18:24 , 
165,,,18/04/2019 ,18/04/2019 12:13:31, ,15:08,sy,1,Cluster headache, ,cluster-headache-14syen,12:13:31 , 
166,,,18/04/2019 ,18/04/2019 07:49:13, ,09:47,sy,2,Cluster headache, ,cluster-headache-14syen,07:49:13 , 
167,,,18/04/2019 ,18/04/2019 00:19:05, , ,sy,1,Cluster headache shadows, ,cluster-headache-shadows-75syen,00:19:05 , 
168,,,17/04/2019 ,17/04/2019 21:45:37, , ,sy,1,Cluster headache, ,cluster-headache-14syen,21:45:37 , 
169,,,17/04/2019 ,17/04/2019 20:41:03, , ,sy,1,Cluster headache, ,cluster-headache-14syen,20:41:03 , 
170,,,17/04/2019 ,17/04/2019 18:53:41, , ,sy,1,Cluster headache, ,cluster-headache-14syen,18:53:41 , 
171,,,17/04/2019 ,17/04/2019 16:32:17, , ,sy,1,Cluster headache shadows, ,cluster-headache-shadows-75syen,16:32:17 , 
172,,,17/04/2019 ,17/04/2019 07:59:48, , ,sy,1,Cluster headache shadows, ,cluster-headache-shadows-75syen,07:59:48 , 
173,,,16/04/2019 ,16/04/2019 16:53:42, ,19:05,sy,1,Cluster headache, ,cluster-headache-14syen,16:53:42 , 
174,,,16/04/2019 ,16/04/2019 09:53:05, , ,sy,1,Cluster headache shadows, ,cluster-headache-shadows-75syen,09:53:05 , 
175,,,16/04/2019 ,16/04/2019 06:25:49, ,07:59:00,sy,1,Cluster headache, ,cluster-headache-14syen,06:25:49 , 
176,,,15/04/2019 ,15/04/2019 22:04:26, ,01:01,sy,3,Cluster headache, ,cluster-headache-14syen,22:04:26 , 
177,,,15/04/2019 ,15/04/2019 16:53:46, , ,sy,1,Cluster headache shadows, ,cluster-headache-shadows-75syen,16:53:46 , 
178,,,15/04/2019 ,15/04/2019 12:29:00, , ,sy,1,Cluster headache shadows, ,cluster-headache-shadows-75syen,12:29:00 , 
179,,,15/04/2019 ,15/04/2019 11:36:05, , ,sy,1,Cluster headache shadows, ,cluster-headache-shadows-75syen,11:36:05 , 
180,,,14/04/2019 ,14/04/2019 20:16:21, , ,ma, ,magic-mushrooms,1.1,magic-mushrooms-12maen,20:16:21 ,gr
181,,,14/04/2019 ,14/04/2019 16:26:57, ,18:22,sy,1,Cluster headache, ,cluster-headache-14syen,16:26:57 , 
182,,,14/04/2019 ,14/04/2019 12:13:26, , ,sy,1,Cluster headache shadows, ,cluster-headache-shadows-75syen,12:13:26 , 
183,,,14/04/2019 ,14/04/2019 00:00:48, ,02:03,sy,2,Cluster headache, ,cluster-headache-14syen,00:00:48 , 
184,,,13/04/2019 ,13/04/2019 20:58:37, , ,sy,1,Cluster headache shadows, ,cluster-headache-shadows-75syen,20:58:37 , 
185,,,13/04/2019 ,13/04/2019 19:16:12, , ,sy,1,Cluster headache shadows, ,cluster-headache-shadows-75syen,19:16:12 , 
186,,,13/04/2019 ,13/04/2019 17:27:07, ,18:30,sy,1,Cluster headache, ,cluster-headache-14syen,17:27:07 , 
187,,,13/04/2019 ,13/04/2019 14:30:37, , ,sy,1,Cluster headache shadows, ,cluster-headache-shadows-75syen,14:30:37 , 
188,,,13/04/2019 ,13/04/2019 14:00:12, , ,sy,1,Cluster headache shadows, ,cluster-headache-shadows-75syen,14:00:12 , 
189,,,13/04/2019 ,13/04/2019 11:25:48, , ,sy,1,Cluster headache shadows, ,cluster-headache-shadows-75syen,11:25:48 , 
190,,,13/04/2019 ,13/04/2019 08:27:43, , ,sy,1,Cluster headache shadows, ,cluster-headache-shadows-75syen,08:27:43 , 
191,,,12/04/2019 ,12/04/2019 23:27:40, , ,sy,1,Cluster headache shadows, ,cluster-headache-shadows-75syen,23:27:40 , 
192,,,12/04/2019 ,12/04/2019 17:49:37, , ,sy,1,Cluster headache shadows, ,cluster-headache-shadows-75syen,17:49:37 , 
193,,,12/04/2019 ,12/04/2019 15:38:11, , ,sy,1,Cluster headache shadows, ,cluster-headache-shadows-75syen,15:38:11 , 
194,,,12/04/2019 ,12/04/2019 15:18:00, , ,sy,1,Cluster headache shadows, ,cluster-headache-shadows-75syen,15:18:00 , 
195,,,12/04/2019 ,12/04/2019 10:16:36, , ,sy,1,Cluster headache shadows, ,cluster-headache-shadows-75syen,10:16:36 , 
196,,,12/04/2019 ,12/04/2019 00:53:46, ,01:39,sy,1,Cluster headache, ,cluster-headache-14syen,00:53:46 , 
197,,,11/04/2019 ,11/04/2019 23:33:44, , ,sy,1,Cluster headache shadows, ,cluster-headache-shadows-75syen,23:33:44 , 
198,,,11/04/2019 ,11/04/2019 16:08:24, , ,sy,1,Cluster headache shadows, ,cluster-headache-shadows-75syen,16:08:24 , 
199,,,11/04/2019 ,11/04/2019 14:29:51, , ,sy,1,Cluster headache shadows, ,cluster-headache-shadows-75syen,14:29:51 , 
200,,,11/04/2019 ,11/04/2019 13:29:17, , ,sy,1,Cluster headache shadows, ,cluster-headache-shadows-75syen,13:29:17 , 
201,,,11/04/2019 ,11/04/2019 09:51:56, , ,sy,1,Cluster headache shadows, ,cluster-headache-shadows-75syen,09:51:56 , 
202,,,11/04/2019 ,11/04/2019 08:51:54, , ,sy,1,Cluster headache shadows, ,cluster-headache-shadows-75syen,08:51:54 , 
203,,,10/04/2019 ,10/04/2019 14:38:19, ,15:23,sy,1,Cluster headache, ,cluster-headache-14syen,14:38:19 , 
204,,,10/04/2019 ,10/04/2019 09:19:12, , ,sy,1,Cluster headache shadows, ,cluster-headache-shadows-75syen,09:19:12 , 
205,,,10/04/2019 ,10/04/2019 09:17:35, , ,ma, ,magic-mushrooms,1.1,magic-mushrooms-12maen,09:17:35 ,gr
206,,,10/04/2019 ,10/04/2019 08:39:02, , ,sy,1,Cluster headache shadows, ,cluster-headache-shadows-75syen,08:39:02 , 
207,,,10/04/2019 ,10/04/2019 08:12:50, , ,sy,1,Cluster headache shadows, ,cluster-headache-shadows-75syen,08:12:50 , 
208,,,09/04/2019 ,09/04/2019 23:47:04, , ,sy,1,Cluster headache shadows, ,cluster-headache-shadows-75syen,23:47:04 , 
209,,,09/04/2019 ,09/04/2019 23:19:16, , ,sy,1,Cluster headache shadows, ,cluster-headache-shadows-75syen,23:19:16 , 
210,,,09/04/2019 ,09/04/2019 22:13:16, , ,sy,1,Cluster headache shadows, ,cluster-headache-shadows-75syen,22:13:16 , 
211,,,09/04/2019 ,09/04/2019 20:06:29, , ,sy,1,Cluster headache shadows, ,cluster-headache-shadows-75syen,20:06:29 , 
212,,,09/04/2019 ,09/04/2019 16:24:02, , ,sy,1,Cluster headache shadows, ,cluster-headache-shadows-75syen,16:24:02 , 
213,,,09/04/2019 ,09/04/2019 09:20:18, , ,sy,1,Cluster headache shadows, ,cluster-headache-shadows-75syen,09:20:18 , 
214,,,08/04/2019 ,08/04/2019 23:04:27, , ,sy,2,Cluster headache shadows, ,cluster-headache-shadows-75syen,23:04:27 , 
215,,,08/04/2019 ,08/04/2019 23:04:24, , ,me, ,verapamil-hidrochloride,80,verapamil-hidrochloride-60meen,23:04:24 ,mg
216,,,08/04/2019 ,08/04/2019 10:25:28, , ,sy,1,Cluster headache shadows, ,cluster-headache-shadows-75syen,10:25:28 , 
217,,,08/04/2019 ,08/04/2019 07:00:06, ,08:46,sy,1,Cluster headache, ,cluster-headache-14syen,07:00:06 , 
218,,,08/04/2019 ,08/04/2019 07:00:02, , ,me, ,verapamil-hidrochloride,80,verapamil-hidrochloride-60meen,07:00:02 ,mg
219,,,07/04/2019 ,07/04/2019 22:59:00, , ,me, ,verapamil-hidrochloride,80,verapamil-hidrochloride-60meen,22:59:00 ,mg
220,,,07/04/2019 ,07/04/2019 19:36:06, ,20:41,sy,1,Cluster headache, ,cluster-headache-14syen,19:36:06 , 
221,,,07/04/2019 ,07/04/2019 15:56:01, , ,sy,1,Cluster headache shadows, ,cluster-headache-shadows-75syen,15:56:01 , 
222,,,07/04/2019 ,07/04/2019 15:00:19, , ,me, ,verapamil-hidrochloride,80,verapamil-hidrochloride-60meen,15:00:19 ,mg
223,,,07/04/2019 ,07/04/2019 07:00:05, , ,me, ,verapamil-hidrochloride,80,verapamil-hidrochloride-60meen,07:00:05 ,mg
224,,,06/04/2019 ,06/04/2019 23:04:05, , ,me, ,verapamil-hidrochloride,80,verapamil-hidrochloride-60meen,23:04:05 ,mg
225,,,06/04/2019 ,06/04/2019 16:43:07, , ,sy,1,Cluster headache shadows, ,cluster-headache-shadows-75syen,16:43:07 , 
226,,,06/04/2019 ,06/04/2019 14:38:36, , ,me, ,verapamil-hidrochloride,80,verapamil-hidrochloride-60meen,14:38:36 ,mg
227,,,06/04/2019 ,06/04/2019 11:06:12, , ,sy,1,Cluster headache shadows, ,cluster-headache-shadows-75syen,11:06:12 , 
228,,,06/04/2019 ,06/04/2019 07:06:07, , ,me, ,verapamil-hidrochloride,80,verapamil-hidrochloride-60meen,07:06:07 ,mg
229,,,06/04/2019 ,06/04/2019 01:00:22, ,02:24,sy,1,Cluster headache, ,cluster-headache-14syen,01:00:22 , 
230,,,05/04/2019 ,05/04/2019 23:00:48, , ,me, ,verapamil-hidrochloride,80,verapamil-hidrochloride-60meen,23:00:48 ,mg
231,,,05/04/2019 ,05/04/2019 16:02:07, , ,sy,1,Cluster headache shadows, ,cluster-headache-shadows-75syen,16:02:07 , 
232,,,05/04/2019 ,05/04/2019 15:00:28, , ,me, ,verapamil-hidrochloride,80,verapamil-hidrochloride-60meen,15:00:28 ,mg
233,,,05/04/2019 ,05/04/2019 14:37:34, , ,sy,1,Cluster headache shadows, ,cluster-headache-shadows-75syen,14:37:34 , 
234,,,05/04/2019 ,05/04/2019 13:46:26, , ,sy,1,Cluster headache shadows, ,cluster-headache-shadows-75syen,13:46:26 , 
235,,,05/04/2019 ,05/04/2019 09:25:46, , ,me, ,verapamil-hidrochloride,80,verapamil-hidrochloride-60meen,09:25:46 ,mg
236,,,04/04/2019 ,04/04/2019 22:36:09, , ,sy,1,Cluster headache shadows, ,cluster-headache-shadows-75syen,22:36:09 , 
237,,,04/04/2019 ,04/04/2019 22:36:05, , ,me, ,verapamil-hidrochloride,80,verapamil-hidrochloride-60meen,22:36:05 ,mg
238,,,04/04/2019 ,04/04/2019 21:44:24, , ,sy,1,Cluster headache shadows, ,cluster-headache-shadows-75syen,21:44:24 , 
239,,,04/04/2019 ,04/04/2019 14:32:16, , ,me, ,verapamil-hidrochloride,80,verapamil-hidrochloride-60meen,14:32:16 ,mg
240,,,04/04/2019 ,04/04/2019 13:00:19, , ,sy,1,Cluster headache shadows, ,cluster-headache-shadows-75syen,13:00:19 , 
241,,,04/04/2019 ,04/04/2019 07:48:46, , ,me, ,verapamil-hidrochloride,80,verapamil-hidrochloride-60meen,07:48:46 ,mg
242,,,04/04/2019 ,04/04/2019 07:00:17, , ,me, ,paracetamol-caffeine,1,paracetamol-caffeine-44meen,07:00:17 ,mg
243,,,03/04/2019 ,03/04/2019 23:34:12, ,07:34,sy,5,Tension headache, ,tension-headache-57syen,23:34:12 , 
244,,,03/04/2019 ,03/04/2019 21:21:28, , ,sy,1,Cluster headache shadows, ,cluster-headache-shadows-75syen,21:21:28 , 
245,,,03/04/2019 ,03/04/2019 21:21:20, , ,me, ,verapamil-hidrochloride,80,verapamil-hidrochloride-60meen,21:21:20 ,mg
246,,,03/04/2019 ,03/04/2019 17:11:41, ,21:21,sy,2,Cluster headache, ,cluster-headache-14syen,17:11:41 , 
247,,,03/04/2019 ,03/04/2019 14:54:43, , ,me, ,verapamil-hidrochloride,80,verapamil-hidrochloride-60meen,14:54:43 ,mg
248,,,03/04/2019 ,03/04/2019 06:33:10, , ,me, ,verapamil-hidrochloride,80,verapamil-hidrochloride-60meen,06:33:10 ,mg
249,,,02/04/2019 ,02/04/2019 22:40:51, , ,sy,1,Cluster headache shadows, ,cluster-headache-shadows-75syen,22:40:51 , 
250,,,02/04/2019 ,02/04/2019 22:40:46, , ,me, ,verapamil-hidrochloride,80,verapamil-hidrochloride-60meen,22:40:46 ,mg
251,,,02/04/2019 ,02/04/2019 19:03:49, , ,sy,1,Cluster headache shadows, ,cluster-headache-shadows-75syen,19:03:49 , 
252,,,02/04/2019 ,02/04/2019 15:46:54, ,17:10,sy,1,Cluster headache, ,cluster-headache-14syen,15:46:54 , 
253,,,02/04/2019 ,02/04/2019 14:44:00, , ,sy,1,Cluster headache shadows, ,cluster-headache-shadows-75syen,14:44:00 , 
254,,,02/04/2019 ,02/04/2019 12:17:42, , ,fo, ,beer,500,beer-1foen,12:17:42 ,ml
255,,,02/04/2019 ,02/04/2019 11:52:38, , ,fo, ,beer,500,beer-1foen,11:52:38 ,ml
256,,,02/04/2019 ,02/04/2019 10:04:04, , ,sy,1,Cluster headache shadows, ,cluster-headache-shadows-75syen,10:04:04 , 
257,,,02/04/2019 ,02/04/2019 08:58:43, , ,sy,1,Cluster headache shadows, ,cluster-headache-shadows-75syen,08:58:43 , 
258,,,02/04/2019 ,02/04/2019 07:03:59, , ,me, ,verapamil-hidrochloride,80,verapamil-hidrochloride-60meen,07:03:59 ,mg
259,,,02/04/2019 ,02/04/2019 00:42:36, ,02:11,sy,1,Cluster headache, ,cluster-headache-14syen,00:42:36 , 
260,,,01/04/2019 ,01/04/2019 23:31:59, , ,me, ,verapamil-hidrochloride,80,verapamil-hidrochloride-60meen,23:31:59 ,mg
261,,,01/04/2019 ,01/04/2019 14:55:10, , ,me, ,verapamil-hidrochloride,80,verapamil-hidrochloride-60meen,14:55:10 ,mg
262,,,01/04/2019 ,01/04/2019 12:30:38, , ,sy,1,Cluster headache, ,cluster-headache-14syen,12:30:38 , 
263,,,01/04/2019 ,01/04/2019 08:48:49, , ,sy,1,Cluster headache shadows, ,cluster-headache-shadows-75syen,08:48:49 , 
264,,,01/04/2019 ,01/04/2019 07:20:51, , ,me, ,verapamil-hidrochloride,80,verapamil-hidrochloride-60meen,07:20:51 ,mg
265,,,31/03/2019 ,31/03/2019 22:25:01, , ,me, ,verapamil-hidrochloride,80,verapamil-hidrochloride-60meen,22:25:01 ,mg
266,,,31/03/2019 ,31/03/2019 21:56:07, , ,sy,1,Cluster headache, ,cluster-headache-14syen,21:56:07 , 
267,,,31/03/2019 ,31/03/2019 15:09:53, , ,me, ,verapamil-hidrochloride,80,verapamil-hidrochloride-60meen,15:09:53 ,mg
268,,,31/03/2019 ,31/03/2019 09:58:41, , ,sy,1,Cluster headache shadows, ,cluster-headache-shadows-75syen,09:58:41 , 
269,,,31/03/2019 ,31/03/2019 07:00:17, , ,me, ,verapamil-hidrochloride,80,verapamil-hidrochloride-60meen,07:00:17 ,mg
270,,,30/03/2019 ,30/03/2019 22:53:53, , ,me, ,verapamil-hidrochloride,80,verapamil-hidrochloride-60meen,22:53:53 ,mg
271,,,30/03/2019 ,30/03/2019 21:43:55, , ,sy,1,Cluster headache shadows, ,cluster-headache-shadows-75syen,21:43:55 , 
272,,,30/03/2019 ,30/03/2019 19:13:26, , ,sy,3,Cluster headache shadows, ,cluster-headache-shadows-75syen,19:13:26 , 
273,,,30/03/2019 ,30/03/2019 12:28:46, , ,sy,1,Cluster headache shadows, ,cluster-headache-shadows-75syen,12:28:46 , 
274,,,30/03/2019 ,30/03/2019 09:25:35, , ,sy,1,Cluster headache shadows, ,cluster-headache-shadows-75syen,09:25:35 , 
275,,,29/03/2019 ,29/03/2019 23:00:06, , ,me, ,verapamil-hidrochloride,80,verapamil-hidrochloride-60meen,23:00:06 ,mg
276,,,29/03/2019 ,29/03/2019 22:37:42, , ,sy,1,Cluster headache shadows, ,cluster-headache-shadows-75syen,22:37:42 , 
277,,,29/03/2019 ,29/03/2019 15:24:35, , ,sy,1,Cluster headache shadows, ,cluster-headache-shadows-75syen,15:24:35 , 
278,,,29/03/2019 ,29/03/2019 15:02:45, , ,me, ,verapamil-hidrochloride,80,verapamil-hidrochloride-60meen,15:02:45 ,mg
279,,,29/03/2019 ,29/03/2019 10:22:15, , ,me, ,pantoprazole,40,pantoprazole-41meen,10:22:15 ,mg
280,,,29/03/2019 ,29/03/2019 09:11:44, , ,sy,1,Cluster headache shadows, ,cluster-headache-shadows-75syen,09:11:44 , 
281,,,29/03/2019 ,29/03/2019 07:35:18, , ,sy,7,Sensitivity to scents, ,sensitivity-to-scents-49syen,07:35:18 , 
282,,,29/03/2019 ,29/03/2019 07:34:37, , ,sy,3,Cluster headache shadows, ,cluster-headache-shadows-75syen,07:34:37 , 
283,,,29/03/2019 ,29/03/2019 06:43:51, , ,me, ,verapamil-hidrochloride,80,verapamil-hidrochloride-60meen,06:43:51 ,mg
284,,,29/03/2019 ,29/03/2019 06:27:21, , ,sy,1,Cluster headache shadows, ,cluster-headache-shadows-75syen,06:27:21 , 
285,,,29/03/2019 ,29/03/2019 02:21:43, , ,sy,1,Cluster headache shadows, ,cluster-headache-shadows-75syen,02:21:43 , 
286,,,28/03/2019 ,28/03/2019 23:37:00, , ,sy,2,Cluster headache shadows, ,cluster-headache-shadows-75syen,23:37:00 , 
287,,,28/03/2019 ,28/03/2019 17:56:02, , ,sy,1,Cluster headache shadows, ,cluster-headache-shadows-75syen,17:56:02 , 
288,,,28/03/2019 ,28/03/2019 15:00:43, , ,me, ,verapamil-hidrochloride,80,verapamil-hidrochloride-60meen,15:00:43 ,mg
289,,,28/03/2019 ,28/03/2019 11:57:04, , ,fo, ,beer,500,beer-1foen,11:57:04 ,ml
290,,,28/03/2019 ,28/03/2019 08:11:00, , ,me, ,verapamil-hidrochloride,80,verapamil-hidrochloride-60meen,08:11:00 ,mg
291,,,28/03/2019 ,28/03/2019 08:10:57, , ,sy,1,Cluster headache shadows, ,cluster-headache-shadows-75syen,08:10:57 , 
292,,,27/03/2019 ,27/03/2019 23:11:49, , ,sy,2,Cluster headache, ,cluster-headache-14syen,23:11:49 , 
293,,,27/03/2019 ,27/03/2019 21:46:50, , ,sy,1,Cluster headache shadows, ,cluster-headache-shadows-75syen,21:46:50 , 
294,,,27/03/2019 ,27/03/2019 19:42:18, ,20:22,sy,4,Cluster headache shadows, ,cluster-headache-shadows-75syen,19:42:18 , 
295,,,27/03/2019 ,27/03/2019 18:31:51, , ,sy,1,Cluster headache shadows, ,cluster-headache-shadows-75syen,18:31:51 , 
296,,,27/03/2019 ,27/03/2019 16:36:07, , ,sy,1,Cluster headache shadows, ,cluster-headache-shadows-75syen,16:36:07 , 
297,,,27/03/2019 ,27/03/2019 14:58:06, , ,me, ,verapamil-hidrochloride,80,verapamil-hidrochloride-60meen,14:58:06 ,mg
298,,,27/03/2019 ,27/03/2019 10:20:49, , ,sy,1,Cluster headache shadows, ,cluster-headache-shadows-75syen,10:20:49 , 
299,,,27/03/2019 ,27/03/2019 07:53:51, , ,me, ,verapamil-hidrochloride,80,verapamil-hidrochloride-60meen,07:53:51 ,mg
300,,,27/03/2019 ,27/03/2019 07:53:50, , ,sy,1,Cluster headache shadows, ,cluster-headache-shadows-75syen,07:53:50 , 
301,,,26/03/2019 ,26/03/2019 22:49:09, , ,sy,1,Cluster headache shadows, ,cluster-headache-shadows-75syen,22:49:09 , 
302,,,26/03/2019 ,26/03/2019 22:39:04, , ,me, ,verapamil-hidrochloride,80,verapamil-hidrochloride-60meen,22:39:04 ,mg
303,,,26/03/2019 ,26/03/2019 21:52:48, , ,sy,1,Cluster headache shadows, ,cluster-headache-shadows-75syen,21:52:48 , 
304,,,26/03/2019 ,26/03/2019 21:02:50, , ,sy,2,Cluster headache shadows, ,cluster-headache-shadows-75syen,21:02:50 , 
305,,,26/03/2019 ,26/03/2019 19:52:02, , ,sy,1,Stuffy nose, ,stuffy-nose-55syen,19:52:02 , 
306,,,26/03/2019 ,26/03/2019 19:51:56, , ,sy,2,Cluster headache shadows, ,cluster-headache-shadows-75syen,19:51:56 , 
307,,,26/03/2019 ,26/03/2019 18:42:27, , ,sy,1,Cluster headache shadows, ,cluster-headache-shadows-75syen,18:42:27 , 
308,,,26/03/2019 ,26/03/2019 17:35:04, , ,sy,1,Cluster headache shadows, ,cluster-headache-shadows-75syen,17:35:04 , 
309,,,26/03/2019 ,26/03/2019 16:37:44, , ,sy,1,Stuffy nose, ,stuffy-nose-55syen,16:37:44 , 
310,,,26/03/2019 ,26/03/2019 16:11:25, , ,sy,1,Cluster headache shadows, ,cluster-headache-shadows-75syen,16:11:25 , 
311,,,26/03/2019 ,26/03/2019 14:59:43, , ,sy,1,Cluster headache shadows, ,cluster-headache-shadows-75syen,14:59:43 , 
312,,,26/03/2019 ,26/03/2019 13:12:12, , ,sy,1,Cluster headache shadows, ,cluster-headache-shadows-75syen,13:12:12 , 
313,,,26/03/2019 ,26/03/2019 09:19:02, , ,sy,3,Stuffy nose, ,stuffy-nose-55syen,09:19:02 , 
314,,,26/03/2019 ,26/03/2019 09:18:50, , ,sy,5,Sensitivity to light, ,sensitivity-to-light-48syen,09:18:50 , 
315,,,26/03/2019 ,26/03/2019 08:56:12, , ,sy,2,Cluster headache shadows, ,cluster-headache-shadows-75syen,08:56:12 , 
316,,,26/03/2019 ,26/03/2019 08:13:56, , ,sy,1,Cluster headache shadows, ,cluster-headache-shadows-75syen,08:13:56 , 
317,,,26/03/2019 ,26/03/2019 07:02:58, , ,me, ,verapamil-hidrochloride,80,verapamil-hidrochloride-60meen,07:02:58 ,mg
318,,,26/03/2019 ,26/03/2019 07:02:56, , ,sy,3,Cluster headache shadows, ,cluster-headache-shadows-75syen,07:02:56 , 
319,,,26/03/2019 ,26/03/2019 00:17:41, , ,sy,1,Cluster headache shadows, ,cluster-headache-shadows-75syen,00:17:41 , 
320,,,26/03/2019 ,26/03/2019 00:07:56, , ,sy,4,Watery teary eye, ,watery-teary-eye-89syen,00:07:56 , 
321,,,25/03/2019 ,25/03/2019 22:46:53, , ,me, ,verapamil-hidrochloride,80,verapamil-hidrochloride-60meen,22:46:53 ,mg
322,,,25/03/2019 ,25/03/2019 18:28:55, , ,sy,2,Cluster headache shadows, ,cluster-headache-shadows-75syen,18:28:55 , 
323,,,25/03/2019 ,25/03/2019 17:23:10, , ,me, ,pantoprazole,40,pantoprazole-41meen,17:23:10 ,mg
324,,,25/03/2019 ,25/03/2019 17:22:13, , ,sy,1,Cluster headache shadows, ,cluster-headache-shadows-75syen,17:22:13 , 
325,,,25/03/2019 ,25/03/2019 16:27:55, , ,sy,1,Cluster headache shadows, ,cluster-headache-shadows-75syen,16:27:55 , 
326,,,25/03/2019 ,25/03/2019 15:43:48, , ,sy,2,Cluster headache shadows, ,cluster-headache-shadows-75syen,15:43:48 , 
327,,,25/03/2019 ,25/03/2019 14:58:11, , ,me, ,verapamil-hidrochloride,80,verapamil-hidrochloride-60meen,14:58:11 ,mg
328,,,25/03/2019 ,25/03/2019 14:10:56, , ,sy,1,Cluster headache shadows, ,cluster-headache-shadows-75syen,14:10:56 , 
329,,,25/03/2019 ,25/03/2019 12:37:31, , ,sy,1,Cluster headache shadows, ,cluster-headache-shadows-75syen,12:37:31 , 
330,,,25/03/2019 ,25/03/2019 07:23:00, ,10:47,sy,2,Cluster headache shadows, ,cluster-headache-shadows-75syen,07:23:00 , 
331,,,25/03/2019 ,25/03/2019 07:19:56, , ,me, ,verapamil-hidrochloride,80,verapamil-hidrochloride-60meen,07:19:56 ,mg
332,,,25/03/2019 ,25/03/2019 07:19:55, , ,me, ,corticosterioid,10,corticosterioid-89meen,07:19:55 ,ml
333,,,25/03/2019 ,25/03/2019 04:03:24, , ,sy,8,Nausea, ,nausea-38syen,04:03:24 , 
334,,,25/03/2019 ,25/03/2019 04:03:20, , ,sy,6,Heartburn, ,heartburn-28syen,04:03:20 , 
335,,,25/03/2019 ,25/03/2019 04:00:09, , ,me, ,paracetamol-caffeine,1,paracetamol-caffeine-44meen,04:00:09 ,mg
336,,,25/03/2019 ,25/03/2019 03:16:42, ,05:22:00,sy,4,Cluster headache, ,cluster-headache-14syen,03:16:42 , 
337,,,25/03/2019 ,25/03/2019 00:06:07, , ,sy,1,Cluster headache shadows, ,cluster-headache-shadows-75syen,00:06:07 , 
338,,,24/03/2019 ,24/03/2019 23:05:43, , ,sy,1,Cluster headache shadows, ,cluster-headache-shadows-75syen,23:05:43 , 
339,,,24/03/2019 ,24/03/2019 17:07:19, , ,sy,3,Watery teary eye, ,watery-teary-eye-89syen,17:07:19 , 
340,,,24/03/2019 ,24/03/2019 16:55:24, , ,sy,3,Cold shivers, ,cold-shivers-15syen,16:55:24 , 
341,,,24/03/2019 ,24/03/2019 16:53:45, , ,me, ,rizatriptan,10,rizatriptan-51meen,16:53:45 ,mg
342,,,24/03/2019 ,24/03/2019 16:53:35, ,17:22,sy,3,Cluster headache, ,cluster-headache-14syen,16:53:35 , 
343,,,24/03/2019 ,24/03/2019 14:50:06, , ,me, ,verapamil-hidrochloride,80,verapamil-hidrochloride-60meen,14:50:06 ,mg
344,,,24/03/2019 ,24/03/2019 14:37:47, , ,sy,2,Cluster headache shadows, ,cluster-headache-shadows-75syen,14:37:47 , 
345,,,24/03/2019 ,24/03/2019 13:28:28, , ,sy,1,Stuffy nose, ,stuffy-nose-55syen,13:28:28 , 
346,,,24/03/2019 ,24/03/2019 11:00:46, , ,sy,9,Fatigue, ,fatigue-24syen,11:00:46 , 
347,,,24/03/2019 ,24/03/2019 11:00:35, , ,sy,1,Cluster headache shadows, ,cluster-headache-shadows-75syen,11:00:35 , 
348,,,24/03/2019 ,24/03/2019 07:00:04, , ,me, ,verapamil-hidrochloride,80,verapamil-hidrochloride-60meen,07:00:04 ,mg
349,,,24/03/2019 ,24/03/2019 07:00:01, , ,me, ,corticosterioid,10,corticosterioid-89meen,07:00:01 ,ml
350,,,23/03/2019 ,23/03/2019 22:45:29, , ,me, ,verapamil-hidrochloride,80,verapamil-hidrochloride-60meen,22:45:29 ,mg
351,,,23/03/2019 ,23/03/2019 19:50:51, , ,sy,4,Fatigue, ,fatigue-24syen,19:50:51 , 
352,,,23/03/2019 ,23/03/2019 19:16:20, , ,sy,8,Sensitivity to light, ,sensitivity-to-light-48syen,19:16:20 , 
353,,,23/03/2019 ,23/03/2019 19:06:31, , ,sy,3,Musclepain, ,musclepain-36syen,19:06:31 , 
354,,,23/03/2019 ,23/03/2019 19:06:11, , ,sy,1,Cold shivers, ,cold-shivers-15syen,19:06:11 , 
355,,,23/03/2019 ,23/03/2019 17:51:26, , ,me, ,rizatriptan,10,rizatriptan-51meen,17:51:26 ,mg
356,,,23/03/2019 ,23/03/2019 17:50:31, ,18:32,sy,4,Cluster headache, ,cluster-headache-14syen,17:50:31 , 
357,,,23/03/2019 ,23/03/2019 17:04:55, ,17:49,sy,2,Cluster headache shadows, ,cluster-headache-shadows-75syen,17:04:55 , 
358,,,23/03/2019 ,23/03/2019 16:23:44, , ,sy,3,Excitatory nose, ,excitatory-nose-22syen,16:23:44 , 
359,,,23/03/2019 ,23/03/2019 15:26:40, , ,sy,4,Fatigue, ,fatigue-24syen,15:26:40 , 
360,,,23/03/2019 ,23/03/2019 15:13:10, ,16:03,sy,3,Musclepain, ,musclepain-36syen,15:13:10 , 
361,,,23/03/2019 ,23/03/2019 14:51:10, , ,me, ,verapamil-hidrochloride,80,verapamil-hidrochloride-60meen,14:51:10 ,mg
362,,,23/03/2019 ,23/03/2019 14:27:26, , ,sy,3,Cluster headache shadows, ,cluster-headache-shadows-75syen,14:27:26 , 
363,,,23/03/2019 ,23/03/2019 14:18:30, ,08:00:00,sy,3,Fatigue, ,fatigue-24syen,14:18:30 , 
364,,,23/03/2019 ,23/03/2019 14:11:36, , ,sy,6,Sensitivity to light, ,sensitivity-to-light-48syen,14:11:36 , 
365,,,23/03/2019 ,23/03/2019 13:54:44, , ,sy,3,Musclepain, ,musclepain-36syen,13:54:44 , 
366,,,23/03/2019 ,23/03/2019 13:50:24, , ,sy,1,Watery teary eye, ,watery-teary-eye-89syen,13:50:24 , 
367,,,23/03/2019 ,23/03/2019 13:50:20, , ,sy,3,Sensitivity to light, ,sensitivity-to-light-48syen,13:50:20 , 
368,,,23/03/2019 ,23/03/2019 10:53:50, ,11:29:00,sy,2,Cluster headache shadows, ,cluster-headache-shadows-75syen,10:53:50 , 
369,,,23/03/2019 ,23/03/2019 07:00:02, , ,me, ,prednisone,10,prednisone-49meen,07:00:02 ,mg
370,,,20/03/2019 ,20/03/2019 07:00:09, , ,me, ,prednisone,20,prednisone-49meen,07:00:09 ,mg
371,,,17/03/2019 ,17/03/2019 07:00:31, , ,me, ,prednisone,30,prednisone-49meen,07:00:31 ,mg
372,,,14/03/2019 ,14/03/2019 07:00:57, , ,me, ,prednisone,60,prednisone-49meen,07:00:57 ,mg
373,,,11/03/2019 ,11/03/2019 07:00:59, , ,me, ,prednisone,60,prednisone-49meen,07:00:59 ,mg
374,,,11/03/2019 ,11/03/2019 07:00:27, , ,me, ,prednisone,50,prednisone-49meen,07:00:27 ,mg
375,,,08/03/2019 ,08/03/2019 22:00:55, , ,me, ,verapamil-hidrochloride,80,verapamil-hidrochloride-60meen,22:00:55 ,mg
376,,,08/03/2019 ,08/03/2019 07:00:48, , ,me, ,verapamil-hidrochloride,80,verapamil-hidrochloride-60meen,07:00:48 ,mg
377,,,08/03/2019 ,08/03/2019 07:00:22, , ,me, ,prednisone,60,prednisone-49meen,07:00:22 ,mg
