,Blood pressure (high),Blood pressure (low),Date,Date/Time,Description,Duration,Group,Id,Intensity,Last Modified,Name,Quantity,Tag,Time,Type,Unit
0,,,04/08/2019 ,04/08/2019 02:44:31, , ,me,xdklofy0, ,2019-08-04T03:45:01+02:00,oxygen,12,oxygen-101meen,02:44:31 ,medicine,l/m
1,,,04/08/2019 ,04/08/2019 02:44:28, ,00:37:00,sy,iczm4raw,8,2019-08-04T03:44:51+02:00,Cluster headache, ,cluster-headache-14syen,02:44:28 ,symptom, 
2,,,04/08/2019 ,04/08/2019 00:20:46, , ,me,sujm6n06, ,2019-08-04T01:09:49+02:00,oxygen,12,oxygen-101meen,00:20:46 ,medicine,l/m
3,,,04/08/2019 ,04/08/2019 00:20:44, ,00:37:00,sy,6u9itnw5,8,2019-08-04T01:09:28+02:00,Cluster headache, ,cluster-headache-14syen,00:20:44 ,symptom, 
4,,,03/08/2019 ,03/08/2019 23:08:02, , ,me,dr7q3d34, ,2019-08-04T01:08:36+02:00,lithium,800,lithium-28meen,23:08:02 ,medicine,mg
5,,,03/08/2019 ,03/08/2019 23:06:07, , ,me,0h2sogs1, ,2019-08-04T01:09:02+02:00,quetiapine,100,quetiapine-85meen,23:06:07 ,medicine,mg
6,,,03/08/2019 ,03/08/2019 20:44:13, , ,me,cogccn4e, ,2019-08-03T20:44:13+02:00,oxygen,12,oxygen-101meen,20:44:13 ,medicine,l/m
7,,,03/08/2019 ,03/08/2019 20:44:11, ,00:38:00,sy,1jfrb20p,8,2019-08-03T20:44:11+02:00,Cluster headache, ,cluster-headache-14syen,20:44:11 ,symptom, 
8,,,03/08/2019 ,03/08/2019 18:20:55, , ,me,cclbcjno, ,2019-08-03T20:44:40+02:00,topiramato,50,topiramato-58meen,18:20:55 ,medicine,mg
9,,,03/08/2019 ,03/08/2019 16:44:08, , ,me,81n5bvu3, ,2019-08-03T17:29:35+02:00,oxygen,12,oxygen-101meen,16:44:08 ,medicine,l/m
10,,,03/08/2019 ,03/08/2019 16:44:04, ,00:39:00,sy,2azygkm0,8,2019-08-03T17:29:49+02:00,Cluster headache, ,cluster-headache-14syen,16:44:04 ,symptom, 
11,,,03/08/2019 ,03/08/2019 12:11:37, , ,me,6kyrovgp, ,2019-08-03T12:32:04+02:00,oxygen,12,oxygen-101meen,12:11:37 ,medicine,l/m
12,,,03/08/2019 ,03/08/2019 12:10:34, ,00:35:00,sy,upkxrzqp,9,2019-08-03T12:31:33+02:00,Cluster headache, ,cluster-headache-14syen,12:10:34 ,symptom, 
13,,,03/08/2019 ,03/08/2019 09:42:58, , ,me,tqfs5c20, ,2019-08-03T09:42:58+02:00,topiramato,50,topiramato-58meen,09:42:58 ,medicine,mg
14,,,03/08/2019 ,03/08/2019 07:41:48, , ,me,bcr35j9m, ,2019-08-03T09:42:37+02:00,oxygen,12,oxygen-101meen,07:41:48 ,medicine,l/m
15,,,03/08/2019 ,03/08/2019 07:40:44, ,00:35:00,sy,tax58qvo,8,2019-08-03T09:42:07+02:00,Cluster headache, ,cluster-headache-14syen,07:40:44 ,symptom, 
16,,,03/08/2019 ,03/08/2019 05:20:59, , ,me,h0k0sitz, ,2019-08-03T07:16:57+02:00,oxygen,12,oxygen-101meen,05:20:59 ,medicine,l/m
17,,,03/08/2019 ,03/08/2019 05:20:53, ,00:38:00,sy,5htonxcj,8,2019-08-03T07:17:16+02:00,Cluster headache, ,cluster-headache-14syen,05:20:53 ,symptom, 
18,,,03/08/2019 ,03/08/2019 03:09:18, , ,me,vw3oh3cd, ,2019-08-03T03:09:18+02:00,oxygen,12,oxygen-101meen,03:09:18 ,medicine,l/m
19,,,03/08/2019 ,03/08/2019 03:09:15, ,00:47:00,sy,r198c5qh,9,2019-08-03T03:09:15+02:00,Cluster headache, ,cluster-headache-14syen,03:09:15 ,symptom, 
20,,,03/08/2019 ,03/08/2019 01:08:00, , ,me,w3qnko2o, ,2019-08-03T03:08:49+02:00,oxygen,12,oxygen-101meen,01:08:00 ,medicine,l/m
21,,,03/08/2019 ,03/08/2019 01:07:56, ,00:38:00,sy,5atwjk6m,8,2019-08-03T03:08:29+02:00,Cluster headache, ,cluster-headache-14syen,01:07:56 ,symptom, 
22,,,02/08/2019 ,02/08/2019 23:24:59, , ,me,iugrujz3, ,2019-08-02T22:26:32+02:00,oxygen,12,oxygen-101meen,23:24:59 ,medicine,l/m
23,,,02/08/2019 ,02/08/2019 23:24:56, ,00:46:00,sy,4utk8evq,9,2019-08-02T22:26:51+02:00,Cluster headache, ,cluster-headache-14syen,23:24:56 ,symptom, 
24,,,02/08/2019 ,02/08/2019 21:56:48, , ,me,o7r4i2ta, ,2019-08-02T21:56:48+02:00,quetiapine,100,quetiapine-85meen,21:56:48 ,medicine,mg
25,,,02/08/2019 ,02/08/2019 21:56:37, , ,me,t4m6zqmw, ,2019-08-02T21:56:37+02:00,lithium,800,lithium-28meen,21:56:37 ,medicine,mg
26,,,02/08/2019 ,02/08/2019 19:56:33, , ,me,b5yxyly3, ,2019-08-02T22:24:09+02:00,oxygen,12,oxygen-101meen,19:56:33 ,medicine,l/m
27,,,02/08/2019 ,02/08/2019 19:56:29, ,00:36:00,sy,8nnhav7o,8,2019-08-02T22:23:50+02:00,Cluster headache, ,cluster-headache-14syen,19:56:29 ,symptom, 
28,,,02/08/2019 ,02/08/2019 18:10:19, , ,me,q741b2nv, ,2019-08-02T21:45:02+02:00,topiramato,50,topiramato-58meen,18:10:19 ,medicine,mg
29,,,02/08/2019 ,02/08/2019 16:42:17, , ,me,9g3akgju, ,2019-08-02T17:42:00+02:00,oxygen,12,oxygen-101meen,16:42:17 ,medicine,l/m
30,,,02/08/2019 ,02/08/2019 15:41:03, ,00:39:00,sy,5oq35zn7,8,2019-08-02T17:41:45+02:00,Cluster headache, ,cluster-headache-14syen,15:41:03 ,symptom, 
31,,,02/08/2019 ,02/08/2019 12:01:54, , ,me,6ifhx3ao, ,2019-08-02T12:22:33+02:00,oxygen,12,oxygen-101meen,12:01:54 ,medicine,l/m
32,,,02/08/2019 ,02/08/2019 12:00:52, ,00:36:00,sy,gtn9532w,8,2019-08-02T12:22:19+02:00,Cluster headache, ,cluster-headache-14syen,12:00:52 ,symptom, 
33,,,02/08/2019 ,02/08/2019 09:15:27, , ,me,kymw7puc, ,2019-08-02T12:21:35+02:00,topiramato,50,topiramato-58meen,09:15:27 ,medicine,mg
34,,,02/08/2019 ,02/08/2019 07:51:22, , ,me,1hq4wcpj, ,2019-08-02T12:21:21+02:00,oxygen,12,oxygen-101meen,07:51:22 ,medicine,l/m
35,,,02/08/2019 ,02/08/2019 07:50:20, ,00:38:00,sy,oygl2b6e,8,2019-08-02T12:20:59+02:00,Cluster headache, ,cluster-headache-14syen,07:50:20 ,symptom, 
36,,,02/08/2019 ,02/08/2019 05:35:34, , ,me,94uk78ii, ,2019-08-02T06:49:25+02:00,oxygen,12,oxygen-101meen,05:35:34 ,medicine,l/m
37,,,02/08/2019 ,02/08/2019 05:35:31, ,00:37:00,sy,td1e3hy1,8,2019-08-02T06:49:09+02:00,Cluster headache, ,cluster-headache-14syen,05:35:31 ,symptom, 
38,,,02/08/2019 ,02/08/2019 03:15:32, , ,me,x577d7ke, ,2019-08-02T03:05:58+02:00,oxygen,12,oxygen-101meen,03:15:32 ,medicine,l/m
39,,,02/08/2019 ,02/08/2019 03:15:28, ,00:36:00,sy,a2ax6tw0,8,2019-08-02T03:06:10+02:00,Cluster headache, ,cluster-headache-14syen,03:15:28 ,symptom, 
40,,,02/08/2019 ,02/08/2019 01:04:30, , ,me,m6kdxtpd, ,2019-08-02T03:05:02+02:00,oxygen,12,oxygen-101meen,01:04:30 ,medicine,l/m
41,,,02/08/2019 ,02/08/2019 01:04:23, ,00:47:00,sy,71nbjcfp,9,2019-08-02T03:04:49+02:00,Cluster headache, ,cluster-headache-14syen,01:04:23 ,symptom, 
42,,,01/08/2019 ,01/08/2019 23:59:39, , ,me,m5q96170, ,2019-08-01T23:59:39+02:00,quetiapine,100,quetiapine-85meen,23:59:39 ,medicine,mg
43,,,01/08/2019 ,01/08/2019 23:58:55, , ,me,id6ehuuc, ,2019-08-01T23:58:55+02:00,oxygen,12,oxygen-101meen,23:58:55 ,medicine,l/m
44,,,01/08/2019 ,01/08/2019 23:58:52, ,00:37:00,sy,dcda1vfh,8,2019-08-01T23:58:52+02:00,Cluster headache, ,cluster-headache-14syen,23:58:52 ,symptom, 
45,,,01/08/2019 ,01/08/2019 23:58:36, , ,me,0l3vbljv, ,2019-08-01T23:58:36+02:00,lithium,800,lithium-28meen,23:58:36 ,medicine,mg
46,,,01/08/2019 ,01/08/2019 20:25:55, , ,me,gavhq2dd, ,2019-08-01T20:25:55+02:00,topiramato,50,topiramato-58meen,20:25:55 ,medicine,mg
47,,,01/08/2019 ,01/08/2019 20:25:50, , ,me,5iqfbjhf, ,2019-08-01T20:25:50+02:00,oxygen,12,oxygen-101meen,20:25:50 ,medicine,l/m
48,,,01/08/2019 ,01/08/2019 20:25:47, ,00:37:00,sy,r9fc0fog,8,2019-08-01T20:25:47+02:00,Cluster headache, ,cluster-headache-14syen,20:25:47 ,symptom, 
49,,,01/08/2019 ,01/08/2019 16:03:36, , ,me,vjcufioz, ,2019-08-01T16:03:36+02:00,oxygen,12,oxygen-101meen,16:03:36 ,medicine,l/m
50,,,01/08/2019 ,01/08/2019 16:03:33, ,00:41:00,sy,wopo6gi2,8,2019-08-01T16:03:33+02:00,Cluster headache, ,cluster-headache-14syen,16:03:33 ,symptom, 
51,,,01/08/2019 ,01/08/2019 12:10:56, , ,me,gjzd2ffm, ,2019-08-01T14:11:54+02:00,oxygen,12,oxygen-101meen,12:10:56 ,medicine,l/m
52,,,01/08/2019 ,01/08/2019 12:10:54, ,00:44:00,sy,6ssmcclp,9,2019-08-01T14:11:45+02:00,Cluster headache, ,cluster-headache-14syen,12:10:54 ,symptom, 
53,,,01/08/2019 ,01/08/2019 08:52:47, , ,me,m82b8gv3, ,2019-08-01T08:52:47+02:00,topiramato,50,topiramato-58meen,08:52:47 ,medicine,mg
54,,,01/08/2019 ,01/08/2019 08:07:21, , ,me,yb32kwu0, ,2019-08-01T08:52:35+02:00,oxygen,12,oxygen-101meen,08:07:21 ,medicine,l/m
55,,,01/08/2019 ,01/08/2019 08:05:17, ,00:37:00,sy,57gogtae,8,2019-08-01T08:52:12+02:00,Cluster headache, ,cluster-headache-14syen,08:05:17 ,symptom, 
56,,,01/08/2019 ,01/08/2019 05:50:09, , ,me,o10e4b8s, ,2019-08-01T08:50:43+02:00,oxygen,12,oxygen-101meen,05:50:09 ,medicine,l/m
57,,,01/08/2019 ,01/08/2019 05:50:07, ,00:39:00,sy,9qtict25,9,2019-08-01T08:50:33+02:00,Cluster headache, ,cluster-headache-14syen,05:50:07 ,symptom, 
58,,,01/08/2019 ,01/08/2019 03:23:52, , ,me,jea8xqzh, ,2019-08-01T08:49:40+02:00,oxygen,12,oxygen-101meen,03:23:52 ,medicine,l/m
59,,,01/08/2019 ,01/08/2019 03:23:49, ,00:37:00,sy,e9fg2g2d,8,2019-08-01T08:49:30+02:00,Cluster headache, ,cluster-headache-14syen,03:23:49 ,symptom, 
60,,,01/08/2019 ,01/08/2019 01:06:50, , ,me,kt81btg7, ,2019-08-01T01:23:41+02:00,oxygen,12,oxygen-101meen,01:06:50 ,medicine,l/m
61,,,01/08/2019 ,01/08/2019 01:05:47, ,00:35:00,sy,qiov029g,8,2019-08-01T01:23:27+02:00,Cluster headache, ,cluster-headache-14syen,01:05:47 ,symptom, 
62,,,31/07/2019 ,31/07/2019 23:08:20, , ,me,5zqej91m, ,2019-07-31T23:08:20+02:00,quetiapine,100,quetiapine-85meen,23:08:20 ,medicine,mg
63,,,31/07/2019 ,31/07/2019 23:08:09, , ,me,dawjexjl, ,2019-07-31T23:08:09+02:00,lithium,800,lithium-28meen,23:08:09 ,medicine,mg
64,,,31/07/2019 ,31/07/2019 23:08:02, , ,me,8ulti8j9, ,2019-07-31T23:08:02+02:00,oxygen,12,oxygen-101meen,23:08:02 ,medicine,l/m
65,,,31/07/2019 ,31/07/2019 23:07:59, ,00:49:00,sy,ulilisab,9,2019-07-31T23:07:59+02:00,Cluster headache, ,cluster-headache-14syen,23:07:59 ,symptom, 
66,,,31/07/2019 ,31/07/2019 19:31:08, , ,me,rfh94hks, ,2019-07-31T22:11:19+02:00,oxygen,12,oxygen-101meen,19:31:08 ,medicine,l/m
67,,,31/07/2019 ,31/07/2019 19:30:05, ,00:39:00,sy,9eypw20x,8,2019-07-31T22:11:01+02:00,Cluster headache, ,cluster-headache-14syen,19:30:05 ,symptom, 
68,,,31/07/2019 ,31/07/2019 18:10:12, , ,me,gd87xrgj, ,2019-07-31T22:11:30+02:00,topiramato,50,topiramato-58meen,18:10:12 ,medicine,mg
69,,,31/07/2019 ,31/07/2019 15:08:48, , ,me,dyou4lql, ,2019-07-31T15:08:08+02:00,oxygen,12,oxygen-101meen,15:08:48 ,medicine,l/m
70,,,31/07/2019 ,31/07/2019 15:07:54, ,00:40:00,sy,h9n455eg,8,2019-07-31T15:07:54+02:00,Cluster headache, ,cluster-headache-14syen,15:07:54 ,symptom, 
71,,,31/07/2019 ,31/07/2019 15:06:51, , ,me,gsz0fpww, ,2019-07-31T15:06:51+02:00,topiramato,50,topiramato-58meen,15:06:51 ,medicine,mg
72,,,31/07/2019 ,31/07/2019 11:06:42, , ,me,kzv26kbk, ,2019-07-31T15:07:27+02:00,oxygen,12,oxygen-101meen,11:06:42 ,medicine,l/m
73,,,31/07/2019 ,31/07/2019 11:06:40, ,00:35:00,sy,x4up26ot,8,2019-07-31T15:07:17+02:00,Cluster headache, ,cluster-headache-14syen,11:06:40 ,symptom, 
74,,,31/07/2019 ,31/07/2019 09:26:30, , ,me,u4rer0l4, ,2019-07-31T10:26:47+02:00,topiramato,50,topiramato-58meen,09:26:30 ,medicine,mg
75,,,31/07/2019 ,31/07/2019 07:17:11, , ,me,00kaw9xu, ,2019-07-31T10:26:02+02:00,oxygen,12,oxygen-101meen,07:17:11 ,medicine,l/m
76,,,31/07/2019 ,31/07/2019 07:16:09, ,00:40:00,sy,1j5b1clw,8,2019-07-31T10:25:50+02:00,Cluster headache, ,cluster-headache-14syen,07:16:09 ,symptom, 
77,,,31/07/2019 ,31/07/2019 04:43:24, , ,me,krd0p7rx, ,2019-07-31T06:17:11+02:00,oxygen,12,oxygen-101meen,04:43:24 ,medicine,l/m
78,,,31/07/2019 ,31/07/2019 04:42:21, ,00:34:00,sy,faypg9v1,8,2019-07-31T06:16:51+02:00,Cluster headache, ,cluster-headache-14syen,04:42:21 ,symptom, 
79,,,31/07/2019 ,31/07/2019 02:35:49, , ,me,91voggb6, ,2019-07-31T03:36:27+02:00,oxygen,12,oxygen-101meen,02:35:49 ,medicine,l/m
80,,,31/07/2019 ,31/07/2019 02:35:46, ,00:40:00,sy,zhxrgvb0,8,2019-07-31T03:36:16+02:00,Cluster headache, ,cluster-headache-14syen,02:35:46 ,symptom, 
81,,,31/07/2019 ,31/07/2019 00:36:03, , ,me,jz33j3c0, ,2019-07-31T00:36:03+02:00,oxygen,12,oxygen-101meen,00:36:03 ,medicine,l/m
82,,,31/07/2019 ,31/07/2019 00:35:59, ,00:38:00,sy,67cceabz,8,2019-07-31T00:35:59+02:00,Cluster headache, ,cluster-headache-14syen,00:35:59 ,symptom, 
83,,,30/07/2019 ,30/07/2019 23:17:33, , ,me,0vgh0055, ,2019-07-31T00:38:00+02:00,lithium,800,lithium-28meen,23:17:33 ,medicine,mg
84,,,30/07/2019 ,30/07/2019 23:17:13, , ,me,etih0bed, ,2019-07-30T22:51:21+02:00,oxygen,12,oxygen-101meen,23:17:13 ,medicine,l/m
85,,,30/07/2019 ,30/07/2019 23:16:10, ,00:39:00,sy,m0hblhh4,8,2019-07-30T22:51:53+02:00,Cluster headache, ,cluster-headache-14syen,23:16:10 ,symptom, 
86,,,30/07/2019 ,30/07/2019 23:15:56, , ,me,ehq5l433, ,2019-07-31T00:38:40+02:00,quetiapine,100,quetiapine-85meen,23:15:56 ,medicine,mg
87,,,30/07/2019 ,30/07/2019 19:28:17, , ,me,hx7kgfld, ,2019-07-30T19:28:17+02:00,topiramato,50,topiramato-58meen,19:28:17 ,medicine,mg
88,,,30/07/2019 ,30/07/2019 19:28:11, , ,me,m05w49qq, ,2019-07-30T19:28:11+02:00,oxygen,12,oxygen-101meen,19:28:11 ,medicine,l/m
89,,,30/07/2019 ,30/07/2019 19:28:09, ,00:48:00,sy,viah2qyt,9,2019-07-30T19:28:09+02:00,Cluster headache, ,cluster-headache-14syen,19:28:09 ,symptom, 
90,,,30/07/2019 ,30/07/2019 15:46:04, , ,me,n8qwz3f3, ,2019-07-30T19:27:42+02:00,oxygen,12,oxygen-101meen,15:46:04 ,medicine,l/m
91,,,30/07/2019 ,30/07/2019 15:45:02, ,00:38:00,sy,kzsh779g,8,2019-07-30T19:27:25+02:00,Cluster headache, ,cluster-headache-14syen,15:45:02 ,symptom, 
92,,,30/07/2019 ,30/07/2019 12:10:36, , ,me,qi2h99bu, ,2019-07-30T12:10:36+02:00,sumatriptan-injection,6,sumatriptan-injection-54meen,12:10:36 ,medicine,mg
93,,,30/07/2019 ,30/07/2019 12:10:33, ,00:35:00,sy,pdizzg2y,8,2019-07-30T12:10:33+02:00,Cluster headache, ,cluster-headache-14syen,12:10:33 ,symptom, 
94,,,30/07/2019 ,30/07/2019 10:15:56, , ,me,ccmontd8, ,2019-07-30T12:15:14+02:00,oxygen,12,oxygen-101meen,10:15:56 ,medicine,l/m
95,,,30/07/2019 ,30/07/2019 10:15:53, ,00:36:00,sy,a8vm9nr3,7,2019-07-30T12:15:40+02:00,Cluster headache, ,cluster-headache-14syen,10:15:53 ,symptom, 
96,,,30/07/2019 ,30/07/2019 09:35:10, , ,me,fap77kpe, ,2019-07-30T09:35:10+02:00,topiramato,50,topiramato-58meen,09:35:10 ,medicine,mg
97,,,30/07/2019 ,30/07/2019 07:53:08, , ,me,chy5k94c, ,2019-07-30T09:34:57+02:00,oxygen,12,oxygen-101meen,07:53:08 ,medicine,l/m
98,,,30/07/2019 ,30/07/2019 07:51:04, ,00:35:00,sy,v30zwjyb,8,2019-07-30T09:34:38+02:00,Cluster headache, ,cluster-headache-14syen,07:51:04 ,symptom, 
99,,,30/07/2019 ,30/07/2019 05:32:43, , ,me,olhn5rs5, ,2019-07-30T09:33:12+02:00,oxygen,12,oxygen-101meen,05:32:43 ,medicine,l/m
100,,,30/07/2019 ,30/07/2019 05:32:39, ,00:38:00,sy,0670cbin,8,2019-07-30T09:33:26+02:00,Cluster headache, ,cluster-headache-14syen,05:32:39 ,symptom, 
101,,,30/07/2019 ,30/07/2019 03:16:38, , ,me,a9u7rz7k, ,2019-07-30T04:00:18+02:00,oxygen,12,oxygen-101meen,03:16:38 ,medicine,l/m
102,,,30/07/2019 ,30/07/2019 03:15:11, ,00:53:00,sy,oyl1fwym,6,2019-07-30T03:59:58+02:00,Cluster headache shadows, ,cluster-headache-shadows-75syen,03:15:11 ,symptom, 
103,,,30/07/2019 ,30/07/2019 01:03:01, , ,me,rzfwmqm5, ,2019-07-30T01:03:01+02:00,oxygen,12,oxygen-101meen,01:03:01 ,medicine,l/m
104,,,30/07/2019 ,30/07/2019 01:02:59, ,00:35:00,sy,520yot8w,8,2019-07-30T01:02:59+02:00,Cluster headache, ,cluster-headache-14syen,01:02:59 ,symptom, 
105,,,29/07/2019 ,29/07/2019 23:29:35, , ,me,ooilvur9, ,2019-07-29T23:29:35+02:00,oxygen,12,oxygen-101meen,23:29:35 ,medicine,l/m
106,,,29/07/2019 ,29/07/2019 23:29:32, ,00:40:00,sy,3xkjdamc,9,2019-07-29T23:29:32+02:00,Cluster headache, ,cluster-headache-14syen,23:29:32 ,symptom, 
107,,,29/07/2019 ,29/07/2019 23:15:55, , ,me,olr13nxq, ,2019-07-29T23:30:30+02:00,quetiapine,100,quetiapine-85meen,23:15:55 ,medicine,mg
108,,,29/07/2019 ,29/07/2019 23:15:49, , ,me,sv8nb67z, ,2019-07-29T23:30:19+02:00,lithium,800,lithium-28meen,23:15:49 ,medicine,mg
109,,,29/07/2019 ,29/07/2019 19:50:40, , ,me,i2y7ttqh, ,2019-07-29T19:50:40+02:00,topiramato,50,topiramato-58meen,19:50:40 ,medicine,mg
110,,,29/07/2019 ,29/07/2019 19:50:37, , ,me,g7gr97nm, ,2019-07-29T19:50:37+02:00,oxygen,12,oxygen-101meen,19:50:37 ,medicine,l/m
111,,,29/07/2019 ,29/07/2019 19:50:35, ,00:45:00,sy,qjmtc2ry,8,2019-07-29T19:50:35+02:00,Cluster headache, ,cluster-headache-14syen,19:50:35 ,symptom, 
112,,,29/07/2019 ,29/07/2019 15:50:37, , ,me,znctwgi7, ,2019-07-29T17:05:32+02:00,oxygen,12,oxygen-101meen,15:50:37 ,medicine,l/m
113,,,29/07/2019 ,29/07/2019 15:50:34, ,00:40:00,sy,i7x9upgx,8,2019-07-29T17:05:09+02:00,Cluster headache, ,cluster-headache-14syen,15:50:34 ,symptom, 
114,,,29/07/2019 ,29/07/2019 12:04:48, , ,me,4tsqiggy, ,2019-07-29T12:04:48+02:00,oxygen,12,oxygen-101meen,12:04:48 ,medicine,l/m
115,,,29/07/2019 ,29/07/2019 12:04:45, ,00:32:00,sy,7webg2b0,7,2019-07-29T12:04:45+02:00,Cluster headache, ,cluster-headache-14syen,12:04:45 ,symptom, 
116,,,29/07/2019 ,29/07/2019 09:04:11, , ,me,bgkvy0am, ,2019-07-29T12:05:06+02:00,topiramato,50,topiramato-58meen,09:04:11 ,medicine,mg
117,,,29/07/2019 ,29/07/2019 08:04:12, , ,me,betwa21w, ,2019-07-29T12:03:56+02:00,oxygen,12,oxygen-101meen,08:04:12 ,medicine,l/m
118,,,29/07/2019 ,29/07/2019 08:03:09, ,00:40:00,sy,gqyanr1m,8,2019-07-29T12:03:38+02:00,Cluster headache, ,cluster-headache-14syen,08:03:09 ,symptom, 
119,,,29/07/2019 ,29/07/2019 05:30:23, , ,me,bmjdlawu, ,2019-07-29T04:50:06+02:00,oxygen,12,oxygen-101meen,05:30:23 ,medicine,l/m
120,,,29/07/2019 ,29/07/2019 05:28:20, ,00:36:00,sy,gsww90hj,8,2019-07-29T04:50:33+02:00,Cluster headache, ,cluster-headache-14syen,05:28:20 ,symptom, 
121,,,29/07/2019 ,29/07/2019 02:47:38, , ,me,k5ov1lbn, ,2019-07-29T02:18:03+02:00,oxygen,12,oxygen-101meen,02:47:38 ,medicine,l/m
122,,,29/07/2019 ,29/07/2019 02:47:35, ,00:35:00,sy,yvh6qp57,8,2019-07-29T02:18:19+02:00,Cluster headache, ,cluster-headache-14syen,02:47:35 ,symptom, 
123,,,29/07/2019 ,29/07/2019 00:41:08, , ,me,uvj62ew5, ,2019-07-29T00:41:08+02:00,oxygen,12,oxygen-101meen,00:41:08 ,medicine,l/m
124,,,29/07/2019 ,29/07/2019 00:41:06, ,00:38:00,sy,e4pti7cg,8,2019-07-29T00:41:06+02:00,Cluster headache, ,cluster-headache-14syen,00:41:06 ,symptom, 
125,,,28/07/2019 ,28/07/2019 23:16:08, , ,me,aulh3k01, ,2019-07-29T00:06:56+02:00,quetiapine,100,quetiapine-85meen,23:16:08 ,medicine,mg
126,,,28/07/2019 ,28/07/2019 23:15:01, , ,me,hu65992u, ,2019-07-29T00:06:32+02:00,lithium,800,lithium-28meen,23:15:01 ,medicine,mg
127,,,28/07/2019 ,28/07/2019 23:02:07, , ,me,77pdd918, ,2019-07-28T23:02:07+02:00,oxygen,12,oxygen-101meen,23:02:07 ,medicine,l/m
128,,,28/07/2019 ,28/07/2019 23:02:05, ,00:39:00,sy,kc5q2lpp,8,2019-07-28T23:02:05+02:00,Cluster headache, ,cluster-headache-14syen,23:02:05 ,symptom, 
129,,,28/07/2019 ,28/07/2019 19:46:32, , ,me,vk0tg9sg, ,2019-07-28T19:46:32+02:00,oxygen,12,oxygen-101meen,19:46:32 ,medicine,l/m
130,,,28/07/2019 ,28/07/2019 19:46:28, ,00:43:00,sy,pcnvqeem,8,2019-07-28T19:46:28+02:00,Cluster headache, ,cluster-headache-14syen,19:46:28 ,symptom, 
131,,,28/07/2019 ,28/07/2019 19:46:08, , ,me,m49xzdst, ,2019-07-28T19:46:08+02:00,topiramato,50,topiramato-58meen,19:46:08 ,medicine,mg
132,,,28/07/2019 ,28/07/2019 16:17:27, , ,me,7mqtrifl, ,2019-07-28T16:17:27+02:00,oxygen,12,oxygen-101meen,16:17:27 ,medicine,l/m
133,,,28/07/2019 ,28/07/2019 16:17:25, ,00:38:00,sy,2suii6f5,8,2019-07-28T16:17:25+02:00,Cluster headache, ,cluster-headache-14syen,16:17:25 ,symptom, 
134,,,28/07/2019 ,28/07/2019 12:17:35, , ,me,97gdefht, ,2019-07-28T12:17:35+02:00,oxygen,12,oxygen-101meen,12:17:35 ,medicine,l/m
135,,,28/07/2019 ,28/07/2019 12:17:32, ,00:38:00,sy,2erq75gk,8,2019-07-28T12:17:32+02:00,Cluster headache, ,cluster-headache-14syen,12:17:32 ,symptom, 
136,,,28/07/2019 ,28/07/2019 09:17:13, , ,me,d5d1fztq, ,2019-07-28T12:17:52+02:00,topiramato,50,topiramato-58meen,09:17:13 ,medicine,mg
137,,,28/07/2019 ,28/07/2019 08:32:14, , ,me,9e8gmgxn, ,2019-07-28T12:17:01+02:00,oxygen,12,oxygen-101meen,08:32:14 ,medicine,l/m
138,,,28/07/2019 ,28/07/2019 08:31:11, ,00:39:00,sy,28efshsz,8,2019-07-28T12:16:46+02:00,Cluster headache, ,cluster-headache-14syen,08:31:11 ,symptom, 
139,,,28/07/2019 ,28/07/2019 05:30:18, , ,me,v5c7azm2, ,2019-07-28T12:15:13+02:00,oxygen,12,oxygen-101meen,05:30:18 ,medicine,l/m
140,,,28/07/2019 ,28/07/2019 05:30:16, ,00:40:00,sy,51d7shy9,8,2019-07-28T12:14:57+02:00,Cluster headache, ,cluster-headache-14syen,05:30:16 ,symptom, 
141,,,28/07/2019 ,28/07/2019 03:08:56, , ,me,5r2ir6r0, ,2019-07-28T04:09:31+02:00,oxygen,12,oxygen-101meen,03:08:56 ,medicine,l/m
142,,,28/07/2019 ,28/07/2019 03:08:53, ,00:38:00,sy,8gbonvbb,8,2019-07-28T04:09:19+02:00,Cluster headache, ,cluster-headache-14syen,03:08:53 ,symptom, 
143,,,28/07/2019 ,28/07/2019 00:53:52, , ,me,fr9q4gk9, ,2019-07-28T00:53:52+02:00,oxygen,12,oxygen-101meen,00:53:52 ,medicine,l/m
144,,,28/07/2019 ,28/07/2019 00:53:49, ,00:44:00,sy,hagwcaqx,8,2019-07-28T00:53:49+02:00,Cluster headache, ,cluster-headache-14syen,00:53:49 ,symptom, 
145,,,27/07/2019 ,27/07/2019 23:28:57, , ,me,a7mficnh, ,2019-07-28T00:54:28+02:00,lithium,800,lithium-28meen,23:28:57 ,medicine,mg
146,,,27/07/2019 ,27/07/2019 23:28:01, , ,me,qkaczpzu, ,2019-07-28T00:54:53+02:00,quetiapine,100,quetiapine-85meen,23:28:01 ,medicine,mg
147,,,27/07/2019 ,27/07/2019 21:52:40, , ,me,lqz8m6yr, ,2019-07-27T21:52:40+02:00,oxygen,12,oxygen-101meen,21:52:40 ,medicine,l/m
148,,,27/07/2019 ,27/07/2019 21:52:37, ,00:36:00,sy,vte83uma,8,2019-07-27T21:52:37+02:00,Cluster headache, ,cluster-headache-14syen,21:52:37 ,symptom, 
149,,,27/07/2019 ,27/07/2019 18:06:28, , ,me,7x00x3a0, ,2019-07-27T18:06:28+02:00,sumatriptan-injection,6,sumatriptan-injection-54meen,18:06:28 ,medicine,mg
150,,,27/07/2019 ,27/07/2019 18:06:25, ,00:38:00,sy,u7us5fsz,8,2019-07-27T18:06:25+02:00,Cluster headache, ,cluster-headache-14syen,18:06:25 ,symptom, 
151,,,27/07/2019 ,27/07/2019 16:03:24, , ,me,mtps4crq, ,2019-07-27T16:03:24+02:00,oxygen,12,oxygen-101meen,16:03:24 ,medicine,l/m
152,,,27/07/2019 ,27/07/2019 16:01:44, ,00:40:00,sy,atc8lmsp,8,2019-07-27T16:01:44+02:00,Cluster headache, ,cluster-headache-14syen,16:01:44 ,symptom, 
153,,,27/07/2019 ,27/07/2019 12:12:43, , ,me,elb8vn64, ,2019-07-27T13:13:13+02:00,oxygen,12,oxygen-101meen,12:12:43 ,medicine,l/m
154,,,27/07/2019 ,27/07/2019 12:12:39, ,00:41:00,sy,2t61rngm,8,2019-07-27T13:13:02+02:00,Cluster headache, ,cluster-headache-14syen,12:12:39 ,symptom, 
155,,,27/07/2019 ,27/07/2019 09:17:35, , ,me,lt1m2la3, ,2019-07-27T09:17:35+02:00,topiramato,50,topiramato-58meen,09:17:35 ,medicine,mg
156,,,27/07/2019 ,27/07/2019 07:17:27, , ,me,bjqvkwh2, ,2019-07-27T09:18:17+02:00,oxygen,12,oxygen-101meen,07:17:27 ,medicine,l/m
157,,,27/07/2019 ,27/07/2019 07:17:23, ,00:39:00,sy,7zgda2mb,8,2019-07-27T09:18:02+02:00,Cluster headache, ,cluster-headache-14syen,07:17:23 ,symptom, 
158,,,27/07/2019 ,27/07/2019 06:02:16, ,13:00:00,sy,ckc3h2yl,8,2019-07-27T16:02:40+02:00,Migraine, ,migraine-35syen,06:02:16 ,symptom, 
159,,,27/07/2019 ,27/07/2019 04:41:43, , ,me,zdns8o99, ,2019-07-27T04:41:43+02:00,oxygen,12,oxygen-101meen,04:41:43 ,medicine,l/m
160,,,27/07/2019 ,27/07/2019 04:41:40, ,00:34:00,sy,wts10wdi,8,2019-07-27T04:41:40+02:00,Cluster headache, ,cluster-headache-14syen,04:41:40 ,symptom, 
161,,,27/07/2019 ,27/07/2019 02:40:17, , ,me,o0o9mswz, ,2019-07-27T02:40:17+02:00,oxygen,12,oxygen-101meen,02:40:17 ,medicine,l/m
162,,,27/07/2019 ,27/07/2019 02:40:15, ,00:38:00,sy,8fdt3wj1,8,2019-07-27T02:40:15+02:00,Cluster headache, ,cluster-headache-14syen,02:40:15 ,symptom, 
163,,,27/07/2019 ,27/07/2019 00:55:44, , ,me,jxfyi2x4, ,2019-07-27T00:55:44+02:00,oxygen,12,oxygen-101meen,00:55:44 ,medicine,l/m
164,,,27/07/2019 ,27/07/2019 00:55:41, ,00:38:00,sy,eyeml10l,8,2019-07-27T00:55:41+02:00,Cluster headache, ,cluster-headache-14syen,00:55:41 ,symptom, 
165,,,26/07/2019 ,26/07/2019 23:33:23, , ,me,ue10v9r7, ,2019-07-27T00:55:11+02:00,sumatriptan-injection,6,sumatriptan-injection-54meen,23:33:23 ,medicine,mg
166,,,26/07/2019 ,26/07/2019 23:21:19, , ,me,fe9jmddw, ,2019-07-27T00:54:49+02:00,oxygen,12,oxygen-101meen,23:21:19 ,medicine,l/m
167,,,26/07/2019 ,26/07/2019 23:20:28, , ,me,k9904z9w, ,2019-07-27T00:53:37+02:00,lithium,800,lithium-28meen,23:20:28 ,medicine,mg
168,,,26/07/2019 ,26/07/2019 23:20:16, ,00:56:00,sy,9qt3ivpz,9,2019-07-27T00:54:16+02:00,Cluster headache, ,cluster-headache-14syen,23:20:16 ,symptom, 
169,,,26/07/2019 ,26/07/2019 20:30:22, , ,me,7hb3zrhj, ,2019-07-26T20:30:22+02:00,oxygen,12,oxygen-101meen,20:30:22 ,medicine,l/m
170,,,26/07/2019 ,26/07/2019 20:30:18, ,00:42:00,sy,2dxguwld,9,2019-07-26T20:30:18+02:00,Cluster headache, ,cluster-headache-14syen,20:30:18 ,symptom, 
171,,,26/07/2019 ,26/07/2019 18:29:44, , ,me,9mizstf5, ,2019-07-26T20:29:59+02:00,topiramato,50,topiramato-58meen,18:29:44 ,medicine,mg
172,,,26/07/2019 ,26/07/2019 17:52:32, , ,me,lpxawss1, ,2019-07-27T00:52:59+02:00,topiramato,50,topiramato-58meen,17:52:32 ,medicine,mg
173,,,26/07/2019 ,26/07/2019 16:29:04, , ,me,ehav1y5c, ,2019-07-26T20:29:39+02:00,oxygen,12,oxygen-101meen,16:29:04 ,medicine,l/m
174,,,26/07/2019 ,26/07/2019 16:28:58, ,00:42:00,sy,lm7j1bni,8,2019-07-26T20:29:30+02:00,Cluster headache, ,cluster-headache-14syen,16:28:58 ,symptom, 
175,,,26/07/2019 ,26/07/2019 12:25:22, , ,me,4rc2i4dn, ,2019-07-26T12:25:22+02:00,sumatriptan-injection,6,sumatriptan-injection-54meen,12:25:22 ,medicine,mg
176,,,26/07/2019 ,26/07/2019 12:25:18, ,00:50:00,sy,uafd7s81,9,2019-07-26T12:25:18+02:00,Cluster headache, ,cluster-headache-14syen,12:25:18 ,symptom, 
177,,,26/07/2019 ,26/07/2019 08:23:30, , ,me,2440hly0, ,2019-07-26T12:24:31+02:00,oxygen,12,oxygen-101meen,08:23:30 ,medicine,l/m
178,,,26/07/2019 ,26/07/2019 08:23:26, ,00:43:00,sy,l29nqcx3,8,2019-07-26T12:24:17+02:00,Cluster headache, ,cluster-headache-14syen,08:23:26 ,symptom, 
179,,,26/07/2019 ,26/07/2019 06:23:46, ,16:15,sy,qc7atmvp,9,2019-07-27T09:19:22+02:00,Migraine, ,migraine-35syen,06:23:46 ,symptom, 
180,,,26/07/2019 ,26/07/2019 05:35:21, , ,me,3zf373db, ,2019-07-26T04:50:52+02:00,oxygen,12,oxygen-101meen,05:35:21 ,medicine,l/m
181,,,26/07/2019 ,26/07/2019 05:35:17, ,00:39:00,sy,g32nn3f9,8,2019-07-26T04:51:25+02:00,Cluster headache, ,cluster-headache-14syen,05:35:17 ,symptom, 
182,,,26/07/2019 ,26/07/2019 03:16:10, , ,me,w9r4dnjv, ,2019-07-26T04:50:25+02:00,oxygen,12,oxygen-101meen,03:16:10 ,medicine,l/m
183,,,26/07/2019 ,26/07/2019 03:15:07, ,00:43:00,sy,0r1nmixh,8,2019-07-26T04:50:11+02:00,Cluster headache, ,cluster-headache-14syen,03:15:07 ,symptom, 
184,,,26/07/2019 ,26/07/2019 01:06:23, , ,me,5onzknpy, ,2019-07-26T00:25:00+02:00,oxygen,12,oxygen-101meen,01:06:23 ,medicine,l/m
185,,,26/07/2019 ,26/07/2019 01:05:20, ,00:43:00,sy,j5hycfvg,8,2019-07-26T00:24:44+02:00,Cluster headache, ,cluster-headache-14syen,01:05:20 ,symptom, 
186,,,25/07/2019 ,25/07/2019 23:21:53, , ,me,vlkskxwv, ,2019-07-25T23:21:53+02:00,quetiapine,100,quetiapine-85meen,23:21:53 ,medicine,mg
187,,,25/07/2019 ,25/07/2019 23:04:57, , ,me,oxamk4r7, ,2019-07-25T23:04:57+02:00,lithium,800,lithium-28meen,23:04:57 ,medicine,mg
188,,,25/07/2019 ,25/07/2019 23:04:48, , ,me,98l0we8g, ,2019-07-25T23:04:48+02:00,oxygen,12,oxygen-101meen,23:04:48 ,medicine,l/m
189,,,25/07/2019 ,25/07/2019 23:04:46, ,00:47:00,sy,ungblarl,9,2019-07-25T23:04:46+02:00,Cluster headache, ,cluster-headache-14syen,23:04:46 ,symptom, 
190,,,25/07/2019 ,25/07/2019 18:09:35, , ,me,fq4hct7x, ,2019-07-25T19:10:00+02:00,topiramato,50,topiramato-58meen,18:09:35 ,medicine,mg
191,,,25/07/2019 ,25/07/2019 18:09:29, , ,me,101a7pe0, ,2019-07-25T19:10:49+02:00,oxygen,12,oxygen-101meen,18:09:29 ,medicine,l/m
192,,,25/07/2019 ,25/07/2019 18:09:25, ,00:49:00,sy,1wbgcsae,9,2019-07-25T19:10:40+02:00,Cluster headache, ,cluster-headache-14syen,18:09:25 ,symptom, 
193,,,25/07/2019 ,25/07/2019 13:09:39, , ,me,mvz1gufa, ,2019-07-25T13:09:39+02:00,oxygen,12,oxygen-101meen,13:09:39 ,medicine,l/m
194,,,25/07/2019 ,25/07/2019 13:09:37, ,00:40:00,sy,49ntrax7,8,2019-07-25T13:09:37+02:00,Cluster headache, ,cluster-headache-14syen,13:09:37 ,symptom, 
195,,,25/07/2019 ,25/07/2019 08:49:35, , ,me,y9h4mod4, ,2019-07-25T11:34:06+02:00,topiramato,50,topiramato-58meen,08:49:35 ,medicine,mg
196,,,25/07/2019 ,25/07/2019 08:40:32, , ,me,ida30xvz, ,2019-07-25T11:33:24+02:00,oxygen,12,oxygen-101meen,08:40:32 ,medicine,l/m
197,,,25/07/2019 ,25/07/2019 08:39:29, ,00:39:00,sy,7h06a0fp,8,2019-07-25T11:33:48+02:00,Cluster headache, ,cluster-headache-14syen,08:39:29 ,symptom, 
198,,,25/07/2019 ,25/07/2019 06:41:19, , ,me,4ol7v3s9, ,2019-07-25T06:41:19+02:00,oxygen,12,oxygen-101meen,06:41:19 ,medicine,l/m
199,,,25/07/2019 ,25/07/2019 06:41:17, ,00:40:00,sy,amaiooih,8,2019-07-25T06:41:17+02:00,Cluster headache, ,cluster-headache-14syen,06:41:17 ,symptom, 
200,,,25/07/2019 ,25/07/2019 02:55:14, , ,me,i0588qib, ,2019-07-25T03:46:15+02:00,sumatriptan-injection,6,sumatriptan-injection-54meen,02:55:14 ,medicine,mg
201,,,25/07/2019 ,25/07/2019 02:45:09, , ,me,8atmyhto, ,2019-07-25T03:45:50+02:00,oxygen,12,oxygen-101meen,02:45:09 ,medicine,l/m
202,,,25/07/2019 ,25/07/2019 02:45:05, ,00:46:00,sy,1oa05ast,9,2019-07-25T03:45:37+02:00,Cluster headache, ,cluster-headache-14syen,02:45:05 ,symptom, 
203,,,25/07/2019 ,25/07/2019 00:44:01, , ,me,9ytyzyln, ,2019-07-25T03:44:38+02:00,oxygen,12,oxygen-101meen,00:44:01 ,medicine,l/m
204,,,25/07/2019 ,25/07/2019 00:43:57, ,00:38:00,sy,7q6k14rg,8,2019-07-25T03:44:24+02:00,Cluster headache, ,cluster-headache-14syen,00:43:57 ,symptom, 
205,,,24/07/2019 ,24/07/2019 22:30:11, , ,me,dqu40l8z, ,2019-07-24T22:43:49+02:00,oxygen,12,oxygen-101meen,22:30:11 ,medicine,l/m
206,,,24/07/2019 ,24/07/2019 22:30:09, ,00:40:00,sy,unnigqs8,8,2019-07-24T22:43:38+02:00,Cluster headache, ,cluster-headache-14syen,22:30:09 ,symptom, 
207,,,24/07/2019 ,24/07/2019 18:14:24, , ,me,gmi7xw24, ,2019-07-24T18:14:24+02:00,topiramato,50,topiramato-58meen,18:14:24 ,medicine,mg
208,,,24/07/2019 ,24/07/2019 18:14:20, , ,me,d1ibiwyv, ,2019-07-24T18:14:20+02:00,oxygen,12,oxygen-101meen,18:14:20 ,medicine,l/m
209,,,24/07/2019 ,24/07/2019 18:14:14, ,00:40:00,sy,6vsn5h46,8,2019-07-24T18:14:14+02:00,Cluster headache, ,cluster-headache-14syen,18:14:14 ,symptom, 
210,,,24/07/2019 ,24/07/2019 14:15:58, , ,me,dfn0p9o4, ,2019-07-24T14:15:58+02:00,oxygen,12,oxygen-101meen,14:15:58 ,medicine,l/m
211,,,24/07/2019 ,24/07/2019 14:15:56, ,00:37:00,sy,yo625m7l,8,2019-07-24T14:15:56+02:00,Cluster headache, ,cluster-headache-14syen,14:15:56 ,symptom, 
212,,,24/07/2019 ,24/07/2019 10:15:14, , ,me,nkz1fjup, ,2019-07-24T11:50:27+02:00,oxygen,12,oxygen-101meen,10:15:14 ,medicine,l/m
213,,,24/07/2019 ,24/07/2019 10:13:12, ,00:39:00,sy,zsziupjc,8,2019-07-24T11:49:51+02:00,Cluster headache, ,cluster-headache-14syen,10:13:12 ,symptom, 
214,,,24/07/2019 ,24/07/2019 09:10:07, , ,me,j06u284w, ,2019-07-24T11:48:35+02:00,topiramato,50,topiramato-58meen,09:10:07 ,medicine,mg
215,,,24/07/2019 ,24/07/2019 07:28:23, , ,me,5vpv5dtk, ,2019-07-24T11:47:22+02:00,oxygen,12,oxygen-101meen,07:28:23 ,medicine,l/m
216,,,24/07/2019 ,24/07/2019 07:25:20, ,00:38:00,sy,z45qr36g,8,2019-07-24T11:46:54+02:00,Cluster headache, ,cluster-headache-14syen,07:25:20 ,symptom, 
217,,,24/07/2019 ,24/07/2019 05:00:08, , ,me,cu6t2rrj, ,2019-07-24T05:00:08+02:00,oxygen,12,oxygen-101meen,05:00:08 ,medicine,l/m
218,,,24/07/2019 ,24/07/2019 05:00:04, ,00:40:00,sy,5to7t6n9,8,2019-07-24T05:00:04+02:00,Cluster headache, ,cluster-headache-14syen,05:00:04 ,symptom, 
219,,,24/07/2019 ,24/07/2019 02:51:30, , ,me,3qt6wz4q, ,2019-07-24T04:59:25+02:00,oxygen,12,oxygen-101meen,02:51:30 ,medicine,l/m
220,,,24/07/2019 ,24/07/2019 02:50:26, ,00:37:00,sy,fe0ppzfc,8,2019-07-24T04:59:08+02:00,Cluster headache, ,cluster-headache-14syen,02:50:26 ,symptom, 
221,,,24/07/2019 ,24/07/2019 00:40:50, , ,me,b5lt8fc3, ,2019-07-24T04:58:00+02:00,oxygen,12,oxygen-101meen,00:40:50 ,medicine,l/m
222,,,24/07/2019 ,24/07/2019 00:40:46, ,00:35:00,sy,3rjbrd4u,8,2019-07-24T04:57:34+02:00,Cluster headache, ,cluster-headache-14syen,00:40:46 ,symptom, 
223,,,23/07/2019 ,23/07/2019 23:17:39, , ,me,64uowino, ,2019-07-23T23:17:39+02:00,lithium,800,lithium-28meen,23:17:39 ,medicine,mg
224,,,23/07/2019 ,23/07/2019 23:17:32, , ,me,hgltqpa3, ,2019-07-23T23:17:32+02:00,oxygen,12,oxygen-101meen,23:17:32 ,medicine,l/m
225,,,23/07/2019 ,23/07/2019 23:17:29, ,00:38:00,sy,x0wbx129,8,2019-07-23T23:17:29+02:00,Cluster headache, ,cluster-headache-14syen,23:17:29 ,symptom, 
226,,,23/07/2019 ,23/07/2019 19:29:28, , ,me,qavnq0fz, ,2019-07-23T19:29:28+02:00,oxygen,12,oxygen-101meen,19:29:28 ,medicine,l/m
227,,,23/07/2019 ,23/07/2019 19:29:25, ,00:36:00,sy,xzgk03j0,8,2019-07-23T19:29:25+02:00,Cluster headache, ,cluster-headache-14syen,19:29:25 ,symptom, 
228,,,23/07/2019 ,23/07/2019 18:14:09, , ,me,e3aejf5x, ,2019-07-23T19:30:26+02:00,topiramato,50,topiramato-58meen,18:14:09 ,medicine,mg
229,,,23/07/2019 ,23/07/2019 16:20:23, , ,me,ouz7gr0n, ,2019-07-23T19:29:02+02:00,oxygen,12,oxygen-101meen,16:20:23 ,medicine,l/m
230,,,23/07/2019 ,23/07/2019 16:18:21, ,00:38:00,sy,0s2nzt0g,8,2019-07-23T19:28:46+02:00,Cluster headache, ,cluster-headache-14syen,16:18:21 ,symptom, 
231,,,23/07/2019 ,23/07/2019 12:27:33, , ,me,g1ns7ew5, ,2019-07-23T19:28:02+02:00,oxygen,12,oxygen-101meen,12:27:33 ,medicine,l/m
232,,,23/07/2019 ,23/07/2019 12:27:31, ,00:33:00,sy,363lfd3u,8,2019-07-23T19:27:50+02:00,Cluster headache, ,cluster-headache-14syen,12:27:31 ,symptom, 
233,,,23/07/2019 ,23/07/2019 09:38:12, , ,me,wi9q2dyg, ,2019-07-23T09:38:12+02:00,topiramato,50,topiramato-58meen,09:38:12 ,medicine,mg
234,,,23/07/2019 ,23/07/2019 08:38:07, , ,me,f168g6ba, ,2019-07-23T19:31:16+02:00,oxygen,12,oxygen-101meen,08:38:07 ,medicine,l/m
235,,,23/07/2019 ,23/07/2019 08:38:04, ,00:37:00,sy,s30t70pj,8,2019-07-23T19:31:09+02:00,Cluster headache, ,cluster-headache-14syen,08:38:04 ,symptom, 
236,,,23/07/2019 ,23/07/2019 05:37:10, , ,me,dwjj1joi, ,2019-07-23T05:37:10+02:00,oxygen,12,oxygen-101meen,05:37:10 ,medicine,l/m
237,,,23/07/2019 ,23/07/2019 05:37:06, ,00:40:00,sy,0zmaic4z,8,2019-07-23T05:37:06+02:00,Cluster headache, ,cluster-headache-14syen,05:37:06 ,symptom, 
238,,,23/07/2019 ,23/07/2019 03:15:02, , ,me,o460zs46, ,2019-07-23T03:15:02+02:00,sumatriptan-injection,6,sumatriptan-injection-54meen,03:15:02 ,medicine,mg
239,,,23/07/2019 ,23/07/2019 03:05:42, , ,me,lb9q8xsz, ,2019-07-23T03:14:47+02:00,oxygen,12,oxygen-101meen,03:05:42 ,medicine,l/m
240,,,23/07/2019 ,23/07/2019 03:04:37, ,00:40:00,sy,rokjpjmq,9,2019-07-23T03:14:35+02:00,Cluster headache, ,cluster-headache-14syen,03:04:37 ,symptom, 
241,,,23/07/2019 ,23/07/2019 00:45:23, , ,me,f2ritp4a, ,2019-07-23T03:13:10+02:00,oxygen,12,oxygen-101meen,00:45:23 ,medicine,l/m
242,,,23/07/2019 ,23/07/2019 00:44:20, ,00:39:00,sy,gsq7vyhf,8,2019-07-23T03:12:55+02:00,Cluster headache, ,cluster-headache-14syen,00:44:20 ,symptom, 
243,,,22/07/2019 ,22/07/2019 23:13:05, , ,me,1yy6b6sj, ,2019-07-23T00:13:28+02:00,quetiapine,100,quetiapine-85meen,23:13:05 ,medicine,mg
244,,,22/07/2019 ,22/07/2019 23:12:09, , ,me,3bzpx2br, ,2019-07-23T00:13:41+02:00,lithium,800,lithium-28meen,23:12:09 ,medicine,mg
245,,,22/07/2019 ,22/07/2019 20:45:20, , ,me,k24qefqu, ,2019-07-22T20:44:33+02:00,oxygen,12,oxygen-101meen,20:45:20 ,medicine,l/m
246,,,22/07/2019 ,22/07/2019 20:43:55, ,00:40:00,sy,g59b5ltq,8,2019-07-22T20:43:55+02:00,Cluster headache, ,cluster-headache-14syen,20:43:55 ,symptom, 
247,,,22/07/2019 ,22/07/2019 18:20:24, , ,me,3ab2dl0b, ,2019-07-22T18:20:24+02:00,topiramato,50,topiramato-58meen,18:20:24 ,medicine,mg
248,,,22/07/2019 ,22/07/2019 16:46:20, , ,me,w2qt8wt3, ,2019-07-22T18:21:07+02:00,oxygen,12,oxygen-101meen,16:46:20 ,medicine,l/m
249,,,22/07/2019 ,22/07/2019 16:45:04, ,00:47:00,sy,oxtr6e3q,8,2019-07-22T18:20:53+02:00,Cluster headache, ,cluster-headache-14syen,16:45:04 ,symptom, 
250,,,22/07/2019 ,22/07/2019 12:39:35, , ,me,k42lh3oi, ,2019-07-22T12:39:35+02:00,oxygen,12,oxygen-101meen,12:39:35 ,medicine,l/m
251,,,22/07/2019 ,22/07/2019 12:39:33, ,00:40:00,sy,lh7ofpbb,8,2019-07-22T12:39:33+02:00,Cluster headache, ,cluster-headache-14syen,12:39:33 ,symptom, 
252,,,22/07/2019 ,22/07/2019 08:39:13, , ,me,8zw6a3o1, ,2019-07-22T12:39:52+02:00,topiramato,50,topiramato-58meen,08:39:13 ,medicine,mg
253,,,22/07/2019 ,22/07/2019 08:13:58, , ,me,fu54v698, ,2019-07-22T12:39:07+02:00,oxygen,12,oxygen-101meen,08:13:58 ,medicine,l/m
254,,,22/07/2019 ,22/07/2019 08:12:56, ,00:38:00,sy,8d0yn4im,8,2019-07-22T12:38:33+02:00,Cluster headache, ,cluster-headache-14syen,08:12:56 ,symptom, 
255,,,22/07/2019 ,22/07/2019 05:52:33, , ,me,h9zv3flz, ,2019-07-22T05:31:38+02:00,oxygen,12,oxygen-101meen,05:52:33 ,medicine,l/m
256,,,22/07/2019 ,22/07/2019 05:51:30, ,00:35:00,sy,izpsowqa,8,2019-07-22T05:31:23+02:00,Cluster headache, ,cluster-headache-14syen,05:51:30 ,symptom, 
257,,,22/07/2019 ,22/07/2019 03:44:58, , ,me,t6t5uha6, ,2019-07-22T02:58:22+02:00,sumatriptan-injection,6,sumatriptan-injection-54meen,03:44:58 ,medicine,mg
258,,,22/07/2019 ,22/07/2019 03:30:19, , ,me,9wu6egvs, ,2019-07-22T02:56:59+02:00,oxygen,12,oxygen-101meen,03:30:19 ,medicine,l/m
259,,,22/07/2019 ,22/07/2019 03:30:15, ,00:37:00,sy,sojw4v7l,8,2019-07-22T02:57:38+02:00,Cluster headache, ,cluster-headache-14syen,03:30:15 ,symptom, 
260,,,22/07/2019 ,22/07/2019 01:15:59, , ,me,vbtekzr5, ,2019-07-22T01:15:59+02:00,oxygen,12,oxygen-101meen,01:15:59 ,medicine,l/m
261,,,22/07/2019 ,22/07/2019 01:15:56, ,00:37:00,sy,1r5vw247,8,2019-07-22T01:15:56+02:00,Cluster headache, ,cluster-headache-14syen,01:15:56 ,symptom, 
262,,,22/07/2019 ,22/07/2019 00:06:23, , ,me,79ta2bur, ,2019-07-22T01:16:57+02:00,oxygen,12,oxygen-101meen,00:06:23 ,medicine,l/m
263,,,22/07/2019 ,22/07/2019 00:05:19, ,00:37:00,sy,7f7vn0xz,8,2019-07-22T01:16:46+02:00,Cluster headache, ,cluster-headache-14syen,00:05:19 ,symptom, 
264,,,21/07/2019 ,21/07/2019 23:21:36, , ,me,6l4m7tkr, ,2019-07-22T00:22:00+02:00,lithium,800,lithium-28meen,23:21:36 ,medicine,mg
265,,,21/07/2019 ,21/07/2019 21:19:34, , ,me,zdx24x0x, ,2019-07-21T21:19:34+02:00,oxygen,12,oxygen-101meen,21:19:34 ,medicine,l/m
266,,,21/07/2019 ,21/07/2019 21:19:31, ,00:37:00,sy,yrxhho3s,8,2019-07-21T21:19:31+02:00,Cluster headache, ,cluster-headache-14syen,21:19:31 ,symptom, 
267,,,21/07/2019 ,21/07/2019 18:09:56, , ,me,sfkqsypk, ,2019-07-21T19:10:15+02:00,topiramato,50,topiramato-58meen,18:09:56 ,medicine,mg
268,,,21/07/2019 ,21/07/2019 15:40:37, , ,me,ttxar4ul, ,2019-07-21T16:41:03+02:00,oxygen,12,oxygen-101meen,15:40:37 ,medicine,l/m
269,,,21/07/2019 ,21/07/2019 15:40:34, ,00:47:00,sy,3gbez3du,9,2019-07-21T16:40:57+02:00,Cluster headache, ,cluster-headache-14syen,15:40:34 ,symptom, 
270,,,21/07/2019 ,21/07/2019 11:06:18, , ,me,hyhvz408, ,2019-07-21T12:07:15+02:00,oxygen,12,oxygen-101meen,11:06:18 ,medicine,l/m
271,,,21/07/2019 ,21/07/2019 11:06:15, ,00:37:00,sy,zdcl34h3,8,2019-07-21T12:07:08+02:00,Cluster headache, ,cluster-headache-14syen,11:06:15 ,symptom, 
272,,,21/07/2019 ,21/07/2019 09:06:24, , ,me,kls7mc8d, ,2019-07-21T12:06:39+02:00,topiramato,50,topiramato-58meen,09:06:24 ,medicine,mg
273,,,21/07/2019 ,21/07/2019 07:26:52, , ,me,tmz321r4, ,2019-07-21T08:27:28+02:00,oxygen,12,oxygen-101meen,07:26:52 ,medicine,l/m
274,,,21/07/2019 ,21/07/2019 07:26:49, ,00:37:00,sy,zs9gbcos,8,2019-07-21T08:27:19+02:00,Cluster headache, ,cluster-headache-14syen,07:26:49 ,symptom, 
275,,,21/07/2019 ,21/07/2019 03:49:18, , ,me,z4jdsmys, ,2019-07-21T03:49:18+02:00,sumatriptan-injection,6,sumatriptan-injection-54meen,03:49:18 ,medicine,mg
276,,,21/07/2019 ,21/07/2019 03:39:15, , ,me,ggx2yksd, ,2019-07-21T03:50:25+02:00,oxygen,12,oxygen-101meen,03:39:15 ,medicine,l/m
277,,,21/07/2019 ,21/07/2019 03:38:12, ,00:48:00,sy,qaceuh3g,9,2019-07-21T03:50:07+02:00,Cluster headache, ,cluster-headache-14syen,03:38:12 ,symptom, 
278,,,21/07/2019 ,21/07/2019 01:36:00, , ,me,d1t0zjsx, ,2019-07-21T03:39:03+02:00,Oxygen,12,oxygen-101meen,01:36:00 ,medicine,l/m
279,,,21/07/2019 ,21/07/2019 01:34:08, ,00:38,sy,telv3kre,8,2019-07-21T03:49:51+02:00,Cluster headache, ,cluster-headache-14syen,01:34:08 ,symptom, 
280,,,20/07/2019 ,20/07/2019 23:16:22, , ,me,dmx63l12, ,2019-07-21T03:37:54+02:00,lithium,800,lithium-28meen,23:16:22 ,medicine,mg
